rank ,name ,revenues,revenue_percent_change,profits,profits_percent_change,assets,market_value,change_in_rank,employees
1,Walmart,572754.0,2.4,13673.0,1.2,244860.0,409795.0,0.0,2300000.0
2,Amazon,469822.0,21.7,33364.0,56.4,420549.0,1658807.3,0.0,1608000.0
3,Apple,365817.0,33.3,94680.0,64.9,351002.0,2849537.6,0.0,154000.0
4,CVS Health,292111.0,8.7,7910.0,10.2,232999.0,132839.2,0.0,258000.0
5,UnitedHealth Group,287597.0,11.8,17285.0,12.2,212206.0,479830.3,0.0,350000.0
6,Exxon Mobil,285640.0,57.4,23040.0,,338923.0,349652.4,4.0,63000.0
7,Berkshire Hathaway,276094.0,12.5,89795.0,111.2,958784.0,779542.3,-1.0,372000.0
8,Alphabet,257637.0,41.2,76033.0,88.8,359268.0,1842326.1,1.0,156500.0
9,McKesson,238228.0,3.1,4539.0,-604.3,65015.0,45857.8,-2.0,67500.0
10,AmerisourceBergen,213988.8,12.7,1539.9,,57337.8,32355.7,-2.0,40000.0
11,Costco Wholesale,195929.0,17.5,5007.0,25.1,59268.0,255230.7,1.0,288000.0
12,Cigna,174078.0,8.5,5365.0,-36.6,154889.0,76286.3,1.0,72963.0
13,AT&T,168864.0,-1.7,20081.0,,551622.0,169262.4,-2.0,202600.0
14,Microsoft,168088.0,17.5,61271.0,38.4,333779.0,2311358.9,1.0,181000.0
15,Cardinal Health,162467.0,6.2,611.0,,44453.0,15709.4,-1.0,46827.0
16,Chevron,162465.0,71.6,15625.0,,239535.0,317120.1,11.0,42595.0
17,Home Depot,151157.0,14.4,16433.0,27.7,71876.0,309312.6,1.0,490600.0
18,Walgreens Boots Alliance,148579.0,6.5,2542.0,457.5,81285.0,38671.1,-2.0,258500.0
19,Marathon Petroleum,141032.0,58.5,9738.0,,85373.0,47758.1,13.0,17700.0
20,Elevance Health,138639.0,13.8,6104.0,33.5,97460.0,118533.5,3.0,98200.0
21,Kroger,137888.0,4.1,1655.0,-36.0,49086.0,41496.2,-4.0,420000.0
22,Ford Motor,136341.0,7.2,17937.0,,257035.0,67958.2,-1.0,183000.0
23,Verizon Communications,133613.0,4.1,22065.0,24.0,366596.0,213837.1,-3.0,118400.0
24,JPMorgan Chase,127202.0,-1.8,48334.0,65.9,3743567.0,402526.9,-5.0,271025.0
25,General Motors,127004.0,3.7,10019.0,55.9,244718.0,63555.2,-3.0,157000.0
26,Centene,125982.0,13.4,1347.0,-25.5,78375.0,49072.2,-2.0,72500.0
27,Meta Platforms,117929.0,37.2,39370.0,35.1,165987.0,605251.0,7.0,71970.0
28,Comcast,116385.0,12.4,14159.0,34.4,275905.0,212245.8,-2.0,189000.0
29,Phillips 66,114852.0,75.4,1317.0,,55594.0,41561.0,19.0,14000.0
30,Valero Energy,108332.0,80.2,930.0,,57888.0,41572.2,23.0,9804.0
31,Dell Technologies,106995.0,13.6,5563.0,71.2,92735.0,38164.4,-3.0,133000.0
32,Target,106005.0,13.3,6946.0,59.0,53811.0,98134.4,-2.0,450000.0
33,Fannie Mae,101543.0,-4.6,22176.0,87.9,4229166.0,909.1,-8.0,7400.0
34,UPS,97287.0,15.0,12890.0,859.8,69405.0,186816.6,1.0,400945.0
35,Lowe's,96250.0,7.4,8442.0,44.7,44640.0,133761.1,-4.0,270000.0
36,Bank of America,93851.0,0.1,31978.0,78.7,3169495.0,332433.3,-7.0,208248.0
37,Johnson & Johnson,93775.0,13.6,20878.0,41.9,182018.0,466046.7,-1.0,141700.0
38,Archer Daniels Midland,85249.0,32.5,2709.0,52.9,56136.0,50769.2,13.0,39979.0
39,FedEx,83959.0,21.3,5231.0,306.8,82777.0,59971.3,6.0,484000.0
40,Humana,83064.0,7.7,2933.0,-12.9,44358.0,55154.9,1.0,95500.0
41,Wells Fargo,82407.0,2.6,21548.0,552.8,1948068.0,184225.0,-4.0,247848.0
42,State Farm Insurance,82224.7,4.2,1280.9,-65.7,325349.3,,-3.0,53586.0
43,Pfizer,81288.0,94.0,21979.0,128.6,181476.0,292385.3,34.0,79000.0
44,Citigroup,79865.0,-10.1,21952.0,98.7,2291413.0,105330.1,-11.0,221768.0
45,PepsiCo,79474.0,12.9,7618.0,7.0,92377.0,231528.2,-1.0,309000.0
46,Intel,79024.0,1.5,19868.0,-4.9,168406.0,202635.8,-6.0,121100.0
47,Procter & Gamble,76118.0,7.3,14306.0,9.8,119307.0,366271.6,-4.0,101000.0
48,General Electric,74196.0,-6.8,6520.0,-214.3,198874.0,100810.2,-10.0,168000.0
49,IBM,72344.0,-1.7,5743.0,2.7,132001.0,116928.3,-7.0,297800.0
50,MetLife,71080.0,4.8,6554.0,21.2,759708.0,57986.5,-4.0,43000.0
51,Prudential Financial,70934.0,24.4,7724.0,,937582.0,44482.2,4.0,40916.0
52,Albertsons,69690.4,11.6,850.2,82.3,26598.0,16063.7,0.0,300000.0
53,Walt Disney,67418.0,3.1,1995.0,,203609.0,249718.1,-3.0,171000.0
54,Energy Transfer,67417.0,73.1,5470.0,,105963.0,34496.9,27.0,12558.0
55,Lockheed Martin,67044.0,2.5,6315.0,-7.6,50873.0,117648.2,-6.0,114000.0
56,Freddie Mac,65898.0,-0.5,12109.0,65.3,3025586.0,510.3,-9.0,7301.0
57,Goldman Sachs Group,64989.0,21.5,21635.0,128.7,1463988.0,117667.6,2.0,43900.0
58,Raytheon Technologies,64388.0,13.8,3864.0,,161404.0,147640.9,-1.0,174000.0
59,HP,63487.0,12.1,6503.0,128.7,38610.0,38237.2,-3.0,51000.0
60,Boeing,62286.0,7.1,4202.0,,138552.0,113058.7,-6.0,142000.0
61,Morgan Stanley,61121.0,17.4,15034.0,36.7,1188140.0,155685.6,0.0,74814.0
62,HCA Healthcare,58752.0,14.0,6956.0,85.3,50742.0,75691.9,0.0,244000.0
63,AbbVie,56197.0,22.7,11542.0,150.0,146529.0,286332.4,5.0,50000.0
64,Dow,54968.0,42.6,6311.0,415.2,62990.0,46839.7,18.0,35700.0
65,Tesla,53823.0,70.7,5519.0,665.5,62131.0,1113707.8,35.0,99290.0
66,Allstate,53228.0,18.8,1599.0,-71.3,99440.0,38553.7,4.0,54500.0
67,AIG,52057.0,19.0,9388.0,,596112.0,50608.2,5.0,36600.0
68,Best Buy,51761.0,9.5,2454.0,36.5,17504.0,20473.2,-2.0,81375.0
69,Charter Communications,51682.0,7.5,4654.0,44.4,142491.0,112803.4,-5.0,93700.0
70,Sysco,51297.8,-3.0,524.2,143.3,21413.5,41433.1,-10.0,57710.0
71,Merck,51216.0,6.7,13049.0,84.6,105694.0,207400.5,-6.0,67500.0
72,New York Life Insurance,51198.5,9.6,277.1,,379984.6,,-5.0,14344.0
73,Caterpillar,50971.0,22.1,6489.0,116.4,82793.0,119406.6,5.0,107700.0
74,Cisco Systems,49818.0,1.0,10591.0,-5.6,97497.0,231636.4,-11.0,79500.0
75,TJX,48550.0,51.1,3282.8,3528.6,28461.5,71195.3,22.0,340000.0
76,Publix Super Markets,48393.9,7.1,4412.2,11.1,31524.3,,-7.0,232000.0
77,ConocoPhillips,48349.0,151.1,8079.0,,90661.0,129605.1,79.0,9900.0
78,Liberty Mutual Insurance Group,48200.0,10.1,3068.0,304.7,156043.0,,-7.0,45000.0
79,Progressive,47702.0,11.8,3350.9,-41.3,71132.3,66670.3,-5.0,49077.0
80,Nationwide,47376.0,13.0,1617.2,,278412.2,,-4.0,24134.0
81,Tyson Foods,47049.0,8.9,3047.0,47.8,36309.0,32487.8,-8.0,137000.0
82,Bristol-Myers Squibb,46385.0,9.1,6994.0,,109314.0,155203.5,-7.0,32200.0
83,Nike,44538.0,19.1,5727.0,125.6,37740.0,212779.1,2.0,73300.0
84,Deere,44024.0,23.9,5963.0,116.8,84114.0,127456.6,4.0,75550.0
85,American Express,43663.0,14.3,8060.0,157.1,188548.0,141613.0,-2.0,64000.0
86,Abbott Laboratories,43075.0,24.5,7071.0,57.3,75196.0,208725.8,3.0,113000.0
87,StoneX Group,42534.2,-21.4,116.3,-31.4,18839.6,1494.4,-29.0,3242.0
88,Plains GP Holdings,42078.0,80.7,60.0,,29978.0,2242.9,39.0,4100.0
89,Enterprise Products Partners,40806.9,50.0,4637.7,22.8,67525.6,56172.4,16.0,6911.0
90,TIAA,40526.4,-2.6,4060.7,627.6,698190.8,,-11.0,15065.0
91,Oracle,40479.0,3.6,13746.0,35.6,131107.0,220736.6,-11.0,132000.0
92,Thermo Fisher Scientific,39211.0,21.7,7725.0,21.2,95123.0,231057.4,3.0,129000.0
93,Coca-Cola,38655.0,17.1,9771.0,26.1,94354.0,268769.7,0.0,79000.0
94,General Dynamics,38469.0,1.4,3257.0,2.8,50073.0,67081.0,-10.0,103100.0
95,CHS,38448.0,35.4,554.0,31.1,17576.3,,8.0,9941.0
96,USAA,37469.6,3.2,3300.0,-15.5,210676.5,,-9.0,37335.0
97,Northwestern Mutual,36751.2,8.8,977.8,130.1,334653.8,,-7.0,7585.0
98,Nucor,36483.9,81.2,6827.5,846.3,25823.1,39954.0,51.0,28800.0
99,Exelon,36347.0,10.0,1706.0,-13.1,133013.0,46683.9,-7.0,31518.0
100,Massachusetts Mutual Life Insurance,35899.5,51.7,319.3,,383292.4,,23.0,10052.0
101,Northrop Grumman,35667.0,-3.1,7005.0,119.7,42579.0,69811.9,-15.0,88000.0
102,3M,35355.0,9.9,5921.0,10.0,47072.0,84738.3,-6.0,95000.0
103,Travelers,34816.0,8.9,3662.0,35.8,120466.0,44129.4,-5.0,30492.0
104,Arrow Electronics,34477.0,20.2,1108.2,89.6,19535.5,7951.3,-2.0,20700.0
105,Honeywell International,34392.0,5.4,5542.0,16.0,64470.0,133381.0,-11.0,99000.0
106,Dollar General,34220.4,1.4,2399.2,-9.6,26327.4,50953.0,-15.0,163000.0
107,Qualcomm,33566.0,42.6,9043.0,74.0,41240.0,172228.1,17.0,45000.0
108,Capital One Financial,32033.0,1.2,12390.0,356.5,432381.0,53260.4,-9.0,50767.0
109,TD Synnex,31614.2,28.1,395.1,-25.3,27666.4,9853.6,8.0,27000.0
110,Philip Morris International,31405.0,9.4,9109.0,13.1,41290.0,145614.7,-9.0,69600.0
111,World Fuel Services,31337.0,53.9,73.7,-32.8,5942.4,1715.5,36.0,4414.0
112,Performance Food Group,30398.9,21.2,40.7,,7845.7,7880.9,2.0,22885.0
113,Delta Air Lines,29899.0,74.9,280.0,,72459.0,25322.0,65.0,83000.0
114,American Airlines Group,29882.0,72.4,1993.0,,66467.0,11847.2,60.0,123400.0
115,Netflix,29697.8,18.8,5116.2,85.3,44584.7,166304.1,0.0,11300.0
116,Paramount Global,29579.0,13.0,4543.0,87.6,58620.0,24628.8,-7.0,25115.0
117,US Foods Holding,29487.0,28.8,164.0,,12521.0,8392.3,11.0,28000.0
118,Danaher,29453.0,32.2,6433.0,76.4,83184.0,209993.4,12.0,79000.0
119,Jabil,29285.0,7.4,696.0,1191.0,16654.0,8857.3,-15.0,238000.0
120,Starbucks,29060.6,23.6,4199.3,352.4,31392.6,104642.8,5.0,383000.0
121,Mondelez International,28720.0,8.0,4300.0,21.0,67092.0,87159.2,-13.0,79000.0
122,Eli Lilly,28318.4,15.4,5581.7,-9.9,48806.0,272723.6,-4.0,35238.0
123,Hewlett Packard Enterprise,27784.0,3.0,3427.0,,57699.0,21725.3,-17.0,60400.0
124,D.R. Horton,27774.2,36.7,4175.8,75.9,24015.9,26403.2,24.0,11788.0
125,Molina Healthcare,27771.0,43.0,659.0,-2.1,12209.0,19572.9,30.0,14000.0
126,CBRE Group,27746.0,16.5,1836.6,144.2,22073.5,30414.2,-4.0,105000.0
127,Micron Technology,27705.0,29.3,5861.0,118.1,58849.0,86977.2,8.0,43000.0
128,Broadcom,27450.0,14.9,6736.0,127.6,75570.0,257086.5,-7.0,20000.0
129,Gilead Sciences,27305.0,10.6,6225.0,4961.0,67952.0,74656.5,-13.0,14400.0
130,PBF Energy,27253.4,80.3,231.0,,11641.4,2932.6,73.0,3418.0
131,Lennar,27130.7,20.6,4430.1,79.7,33207.8,23413.0,-2.0,10753.0
132,United Natural Foods,26992.0,0.9,149.0,,7525.0,2409.3,-25.0,28300.0
133,NRG Energy,26989.0,196.8,2187.0,328.8,23182.0,9289.0,200.0,6635.0
134,Nvidia,26914.0,61.4,9752.0,125.1,44187.0,684878.6,50.0,22473.0
135,Occidental Petroleum,26772.0,60.5,2322.0,,75036.0,53160.2,48.0,11678.0
136,Salesforce,26492.0,24.7,1444.0,-64.5,95209.0,210196.8,1.0,73541.0
137,Dollar Tree,26321.2,3.2,1327.9,-1.0,21721.8,36051.4,-26.0,136226.0
138,KKR,26141.3,171.5,4666.5,133.0,264285.4,51542.9,178.0,3238.0
139,Kraft Heinz,26042.0,-0.5,1012.0,184.3,93394.0,48248.6,-29.0,36000.0
140,Amgen,25979.0,2.2,5893.0,-18.9,61165.0,134700.8,-28.0,24200.0
141,AutoNation,25844.0,26.7,1373.0,259.8,8943.6,6111.4,4.0,22200.0
142,Penske Automotive Group,25554.7,25.0,1187.8,118.5,13464.6,7196.7,1.0,24797.0
143,PayPal Holdings,25371.0,18.3,4169.0,-0.8,75803.0,134732.8,-9.0,30900.0
144,Macy's,25292.0,39.8,1430.0,,17590.0,7123.2,20.0,88857.0
145,Duke Energy,24677.0,5.2,3908.0,183.8,169587.0,85967.0,-19.0,27605.0
146,United Airlines Holdings,24634.0,60.4,1964.0,,68175.0,15049.7,54.0,84100.0
147,Visa,24105.0,10.3,12311.0,13.3,82896.0,480022.5,-14.0,21500.0
148,Rite Aid,24043.4,9.6,90.9,,9335.4,488.1,-16.0,50000.0
149,Cummins,24021.0,21.3,2131.0,19.1,23710.0,29140.9,1.0,59900.0
150,U.S. Bancorp,23714.0,-6.0,7963.0,60.6,573284.0,78929.8,-37.0,68796.0
151,Paccar,23522.3,25.6,1852.1,42.6,29301.7,30619.7,8.0,28500.0
152,McDonald's,23222.9,20.9,7545.2,59.5,53854.3,183873.6,5.0,200000.0
153,Southern,23113.0,13.4,2393.0,-23.3,127534.0,76877.0,-7.0,27164.0
154,C.H. Robinson Worldwide,23102.1,42.5,844.2,66.7,7028.1,13855.8,37.0,16877.0
155,Truist Financial,23064.0,-5.6,6440.0,43.7,541241.0,75353.9,-36.0,51462.0
156,Applied Materials,23063.0,34.1,5888.0,62.7,25825.0,116431.4,20.0,27000.0
157,Freeport-McMoRan,22845.0,60.9,4306.0,618.9,48022.0,72360.8,58.0,24700.0
158,Lithia Motors,22831.7,74.0,1060.0,125.4,11146.9,8909.8,73.0,21150.0
159,Blackstone,22577.1,270.0,5857.4,460.3,41196.4,88907.2,295.0,3795.0
160,Hartford Financial Services Group,22390.0,9.1,2365.0,36.2,76578.0,23815.6,-18.0,18100.0
161,Aflac,22106.0,-0.2,4325.0,-9.5,157542.0,41812.8,-30.0,12447.0
162,Whirlpool,21985.0,13.0,1783.0,64.9,20285.0,10101.2,-8.0,69000.0
163,Union Pacific,21804.0,11.6,6523.0,21.9,63525.0,171681.6,-10.0,32124.0
164,International Paper,21780.0,5.8,1752.0,263.5,25243.0,17301.1,-23.0,38200.0
165,Altria Group,21111.0,1.3,2475.0,-44.6,39523.0,94951.7,-27.0,6000.0
166,CDW,20820.8,12.7,988.6,25.4,13199.4,24140.2,-5.0,13900.0
167,ManpowerGroup,20724.4,15.1,382.4,1506.7,9828.9,5025.6,-2.0,30000.0
168,PG&E,20642.0,11.8,102.0,,103327.0,29433.7,-8.0,26000.0
169,Carrier Global,20613.0,18.1,1664.0,-16.0,26172.0,39127.4,2.0,58000.0
170,Baker Hughes,20502.0,-1.0,219.0,,35308.0,37410.2,-30.0,54000.0
171,Cleveland-Cliffs,20444.0,281.8,2988.0,,18975.0,16891.2,330.0,26000.0
172,United States Steel,20275.0,108.1,4174.0,,17816.0,9832.3,138.0,24540.0
173,Becton Dickinson,20248.0,18.3,2092.0,139.4,53866.0,75749.1,4.0,75000.0
174,CarMax,20092.1,-6.2,746.9,-15.9,21541.5,15598.9,-38.0,26889.0
175,Sherwin-Williams,19944.6,8.6,1864.4,-8.2,20666.7,65037.9,-13.0,61626.0
176,Builders FirstSource,19893.9,132.4,1725.4,450.3,10714.3,11408.9,174.0,28000.0
177,Marsh & McLennan,19820.0,15.1,3143.0,55.9,34388.0,85681.3,-2.0,83000.0
178,PNC Financial Services Group,19698.0,-18.1,5674.0,-24.5,557191.0,77203.4,-58.0,58547.0
179,Lumen Technologies,19687.0,-4.9,2033.0,,57993.0,11533.4,-40.0,36000.0
180,Avnet,19534.7,10.8,193.1,,8925.4,4016.9,-12.0,14500.0
181,Tenet Healthcare,19485.0,10.5,914.0,129.1,27579.0,9387.6,-14.0,88968.0
182,Kimberly-Clark,19440.0,1.6,1814.0,-22.9,17837.0,41496.1,-24.0,45000.0
183,Kohl's,19433.0,21.8,938.0,,15054.0,7774.6,12.0,67000.0
184,BlackRock,19374.0,19.6,5901.0,19.6,152648.0,116186.2,8.0,18400.0
185,Jones Lang LaSalle,19367.0,16.7,961.6,138.9,15505.0,11945.5,1.0,98200.0
186,Lear,19263.1,13.0,373.9,135.9,13352.4,8513.1,-7.0,160100.0
187,Lincoln National,19230.0,10.3,1405.0,181.6,387301.0,11271.6,-15.0,10848.0
188,Charles Schwab,18996.0,56.9,5855.0,77.5,667270.0,159675.9,63.0,33400.0
189,Ross Stores,18916.2,50.9,1722.6,1917.5,13640.3,31741.7,53.0,100000.0
190,Mastercard,18884.0,23.4,8687.0,35.5,37669.0,349330.5,11.0,24000.0
191,Genuine Parts,18870.5,8.5,898.8,,14352.1,17888.1,-18.0,52000.0
192,WestRock,18746.1,6.6,838.3,,29254.3,12379.0,-22.0,49900.0
193,EOG Resources,18642.0,69.0,4664.0,,38236.0,69796.0,92.0,2800.0
194,Cognizant Technology Solutions,18507.0,11.1,2137.0,53.5,17852.0,47035.0,-9.0,330600.0
195,Moderna,18471.0,2199.1,12202.0,,24669.0,69424.3,0.0,2700.0
196,Steel Dynamics,18408.9,91.7,3214.1,483.5,12531.2,15811.5,123.0,10640.0
197,HF Sinclair,18389.1,64.4,558.3,,12916.6,8895.8,82.0,4208.0
198,Texas Instruments,18344.0,26.9,7769.0,38.9,24676.0,169329.6,12.0,31000.0
199,Emerson Electric,18236.0,8.6,2303.0,17.2,24715.0,58241.7,-18.0,86700.0
200,WESCO International,18217.5,47.8,465.4,362.8,12617.7,6598.5,45.0,18000.0
201,General Mills,18127.0,2.8,2339.8,7.3,31841.9,40781.8,-32.0,35000.0
202,Tenneco,18035.0,17.3,35.0,,11622.0,1523.0,-3.0,71000.0
203,Waste Management,17931.0,17.8,1816.0,21.4,29097.0,65802.8,-1.0,48500.0
204,Viatris,17886.3,49.7,1269.1,,54842.8,13160.2,50.0,37000.0
205,DISH Network,17881.1,15.4,2410.6,36.8,48001.7,16743.1,-8.0,14500.0
206,L3Harris Technologies,17814.0,-2.1,1846.0,65.0,34709.0,47969.6,-43.0,47000.0
207,DXC Technology,17729.0,-9.4,149.0,,22038.0,7977.3,-55.0,134000.0
208,Block,17661.2,86.0,166.3,-22.0,13925.8,78655.9,115.0,8521.0
209,Goodyear Tire & Rubber,17478.0,41.9,764.0,,21402.0,4029.3,37.0,72000.0
210,Uber Technologies,17455.0,56.7,496.0,,38774.0,69753.0,71.0,29300.0
211,Colgate-Palmolive,17421.0,5.8,2166.0,-19.6,15040.0,63742.2,-23.0,33800.0
212,Stanley Black & Decker,17252.7,18.7,1689.2,36.9,28180.0,22843.3,-3.0,71300.0
213,DuPont,17160.0,-15.9,6467.0,,45707.0,37739.7,-69.0,28000.0
214,Stryker,17108.0,19.2,1994.0,24.7,34631.0,100978.1,-2.0,46000.0
215,NextEra Energy,17069.0,-5.2,3573.0,22.4,140912.0,166264.1,-49.0,15000.0
216,Targa Resources,16949.8,105.2,71.2,,15208.2,17243.8,148.0,2430.0
217,Western Digital,16922.0,1.1,821.0,,26132.0,15536.4,-35.0,65600.0
218,PPG Industries,16802.0,21.5,1439.0,35.9,21351.0,30951.9,2.0,49300.0
219,American Electric Power,16792.0,12.6,2488.1,13.1,87668.7,50338.6,-15.0,16688.0
220,Gap,16670.0,20.8,256.0,,12761.0,5206.6,1.0,97000.0
221,BJ's Wholesale Club,16667.3,8.0,426.7,1.3,5668.9,9146.9,-23.0,34000.0
222,Reinsurance Group of America,16658.0,14.1,617.0,48.7,92175.0,7354.6,-15.0,3500.0
223,Kinder Morgan,16610.0,42.0,1784.0,1399.2,70416.0,42878.1,39.0,10529.0
224,Oneok,16540.3,93.6,1499.7,144.7,23621.6,31516.0,127.0,2847.0
225,Expeditors Intl. of Washington,16523.5,72.4,1415.5,103.3,7609.9,17268.8,74.0,19070.0
226,Advanced Micro Devices,16434.0,68.3,3162.0,27.0,12419.0,177936.1,83.0,15500.0
227,Fiserv,16226.0,9.3,1334.0,39.2,76249.0,66132.8,-22.0,44000.0
228,Est√©e Lauder,16215.0,13.4,2870.0,319.6,21971.0,97672.1,-15.0,53320.0
229,Bank of New York Mellon,16158.0,-4.6,3759.0,3.9,444438.0,40056.7,-49.0,49100.0
230,Laboratory Corp. of America,16120.9,15.3,2377.3,52.8,20385.4,24625.8,-12.0,71725.0
231,Regeneron Pharmaceuticals,16071.7,89.1,8075.3,129.9,25434.8,75806.0,123.0,10368.0
232,Land O'Lakes,15916.4,14.1,287.4,8.5,9560.0,,-13.0,9000.0
233,Cheniere Energy,15864.0,69.5,2343.0,,39258.0,35272.3,95.0,1550.0
234,Southwest Airlines,15790.0,74.5,977.0,,36320.0,27129.3,102.0,55093.0
235,Adobe,15785.0,22.7,4822.0,-8.3,27241.0,215280.5,-1.0,25988.0
236,Synchrony Financial,15752.0,-4.4,4221.0,204.8,95748.0,18145.5,-49.0,18000.0
237,Corteva,15655.0,10.1,1759.0,158.3,42344.0,41774.9,-23.0,21000.0
238,Fidelity National Financial,15643.0,45.1,2422.0,69.7,60690.0,13849.6,50.0,28290.0
239,DTE Energy,15369.0,26.2,907.0,-33.7,39719.0,25614.6,11.0,10300.0
240,Murphy USA,15318.8,61.2,396.9,2.8,4048.2,4888.6,82.0,10430.0
241,Halliburton,15295.0,5.9,1457.0,,22321.0,34028.9,-30.0,40000.0
242,Automatic Data Processing,15005.4,2.8,2598.5,5.4,48772.5,95577.1,-34.0,56000.0
243,Edison International,14905.0,9.8,759.0,2.7,74745.0,26693.8,-17.0,13003.0
244,BorgWarner,14838.0,46.0,537.0,7.4,16575.0,9335.0,51.0,49300.0
245,Nordstrom,14789.0,38.0,178.0,,8869.0,4321.3,44.0,72000.0
246,Loews,14657.0,16.5,1578.0,,81626.0,15971.3,-7.0,10340.0
247,Guardian Life Ins. Co. of America,14647.8,8.0,288.8,1128.5,90419.7,,-20.0,9150.0
248,Pioneer Natural Resources,14643.0,119.0,2118.0,,36811.0,60728.3,180.0,1932.0
249,AutoZone,14629.6,15.8,2170.3,25.2,14516.2,40582.6,-11.0,85050.0
250,Lam Research,14626.2,45.6,3908.5,73.6,15892.2,74996.7,54.0,14100.0
251,American Family Insurance Group,14611.9,11.8,734.5,82.2,36316.4,,-19.0,13590.0
252,Illinois Tool Works,14455.0,15.0,2694.0,27.7,16077.0,65311.9,-12.0,45000.0
253,Parker-Hannifin,14347.6,4.8,1746.1,44.7,20341.2,36456.8,-30.0,54640.0
254,Otis Worldwide,14298.0,12.1,1246.0,37.5,12279.0,32700.9,-18.0,70000.0
255,Omnicom Group,14289.4,8.5,1407.8,48.9,28421.8,17565.7,-26.0,71700.0
256,Principal Financial,14262.7,-3.2,1710.6,22.6,304657.2,19176.7,-50.0,18600.0
257,Dominion Energy,14218.0,-11.8,3288.0,,99590.0,68883.0,-64.0,17100.0
258,Kellogg,14181.0,3.0,1488.0,18.9,18178.0,21890.2,-36.0,31000.0
259,Fluor,14156.8,-10.9,440.2,,7279.6,4051.7,-63.0,40582.0
260,AECOM,14112.4,-13.9,173.2,,11734.0,10856.5,-71.0,51000.0
261,Reliance Steel & Aluminum,14093.3,59.9,1413.0,282.8,9536.0,11313.5,82.0,13950.0
262,Jacobs Engineering Group,14092.6,3.8,477.0,-3.0,14632.6,17807.4,-37.0,53500.0
263,Corning,14082.0,24.6,1906.0,272.3,30154.0,31212.8,14.0,61200.0
264,Farmers Insurance Exchange,14055.0,18.4,366.8,,21740.7,,-8.0,11787.0
265,Qurate Retail,14044.0,-0.9,340.0,-71.8,16249.0,1807.4,-49.0,26745.0
266,Pacific Life,13936.0,38.5,1102.0,,209486.0,,37.0,3861.0
267,PulteGroup,13926.9,26.2,1946.3,38.3,13352.6,10115.7,17.0,6182.0
268,Fidelity National Information Services,13877.0,10.6,417.0,163.9,82931.0,61215.1,-27.0,65000.0
269,IQVIA Holdings,13874.0,22.1,966.0,246.2,24689.0,44140.8,6.0,79000.0
270,Marriott International,13857.0,31.1,1099.0,,25553.0,57514.9,23.0,120000.0
271,Berry Global Group,13850.0,18.3,733.0,31.1,17882.0,7832.4,-10.0,47000.0
272,Ball,13811.0,17.2,878.0,50.1,19714.0,28909.1,-12.0,24300.0
273,Group 1 Automotive,13801.7,27.2,552.1,92.7,5749.4,2859.9,13.0,13711.0
274,Leidos Holdings,13737.0,11.7,753.0,19.9,13261.0,14727.7,-26.0,43000.0
275,Wayfair,13708.0,-3.1,131.0,-170.8,4570.0,11641.6,-58.0,16681.0
276,Consolidated Edison,13676.0,11.7,1346.0,22.3,63116.0,33525.3,-27.0,13871.0
277,Ameriprise Financial,13443.0,12.4,2760.0,79.9,175979.0,33213.0,-24.0,12000.0
278,Xcel Energy,13431.0,16.5,1597.0,8.4,57851.0,39275.9,-6.0,11321.0
279,O'Reilly Automotive,13327.6,14.8,2164.7,23.5,11718.7,45410.4,-11.0,76158.0
280,Global Partners,13248.3,59.2,60.8,-40.5,2831.2,927.1,81.0,2960.0
281,Discover Financial Services,13221.0,2.1,5449.0,377.6,110242.0,31076.7,-48.0,16700.0
282,Rocket Companies,13175.6,-17.6,308.2,55.7,32774.9,21905.9,-88.0,26000.0
283,LKQ,13088.5,12.6,1090.9,70.9,12606.2,12941.4,-17.0,46000.0
284,W.W. Grainger,13022.0,10.4,1043.0,50.1,6592.0,26358.0,-26.0,23450.0
285,Quanta Services,12980.2,15.9,486.0,9.1,12855.2,18779.5,-7.0,43700.0
286,Crown Holdings,12979.0,12.1,560.0,-196.7,13858.0,15460.6,-17.0,26000.0
287,Fox,12909.0,4.9,2150.0,115.2,22926.0,21423.2,-40.0,9000.0
288,Sempra,12857.0,7.7,1317.0,-66.5,72045.0,53087.6,-33.0,15390.0
289,Markel,12846.4,32.0,2425.0,197.2,48448.9,20037.5,22.0,20300.0
290,Carvana,12814.0,129.4,135.0,,7015.0,19549.5,193.0,21000.0
291,XPO Logistics,12806.0,-21.2,336.0,205.5,8707.0,8356.9,-101.0,44700.0
292,Baxter International,12784.0,9.5,1284.0,16.5,33521.0,39017.9,-28.0,60000.0
293,Ecolab,12733.1,-0.1,1129.9,,21206.4,50548.4,-56.0,47000.0
294,Tractor Supply,12731.1,19.9,997.1,33.1,7767.5,26171.6,-3.0,34000.0
295,Andersons,12728.8,55.1,104.0,1248.7,4569.2,1708.2,71.0,2334.0
296,Keurig Dr Pepper,12683.0,9.2,2146.0,62.0,50598.0,53748.2,-29.0,27500.0
297,Universal Health Services,12642.1,9.4,991.6,5.0,13093.5,10843.1,-27.0,78850.0
298,CSX,12522.0,18.3,3781.0,36.7,40531.0,81587.8,-6.0,20919.0
299,Henry Schein,12401.0,22.6,631.2,56.3,8481.1,11960.1,-1.0,21600.0
300,Sonic Automotive,12396.4,26.9,348.9,,4975.1,1728.8,8.0,10200.0
301,eBay,12394.0,9.2,13608.0,140.1,26626.0,33641.9,-25.0,10800.0
302,Textron,12382.0,6.3,746.0,141.4,15827.0,16090.6,-37.0,33000.0
303,Jones Financial Edward Jones,12373.0,21.7,1605.0,24.9,32208.0,,-8.0,50000.0
304,Community Health Systems,12368.0,4.9,230.0,-55.0,15217.0,1598.6,-45.0,58500.0
305,Mosaic,12357.4,42.3,1630.6,144.8,22036.4,24492.6,41.0,12525.0
306,Thor Industries,12317.4,50.8,659.9,195.9,6654.1,4330.9,62.0,31000.0
307,Dick's Sporting Goods,12293.4,28.3,1519.9,186.6,9041.7,7986.6,13.0,34300.0
308,Newmont,12222.0,6.3,1166.0,-58.8,40564.0,62968.1,-35.0,14400.0
309,Devon Energy,12206.0,139.8,2813.0,,21025.0,39274.1,211.0,1600.0
310,Warner Bros. Discovery,12191.0,14.2,1006.0,-17.5,34427.0,12700.5,-20.0,11000.0
311,J.B. Hunt Transport Services,12168.3,26.3,760.8,50.3,6794.3,21052.9,4.0,33045.0
312,Alcoa,12152.0,30.9,429.0,,15025.0,16603.4,18.0,12200.0
313,Peter Kiewit Sons',12149.0,-2.5,753.0,-8.8,6238.0,,-70.0,28800.0
314,Aramark,12096.0,-5.7,90.8,,14376.2,9655.5,-79.0,248300.0
315,Vistra,12077.0,5.5,1274.0,-300.3,29683.0,10434.7,-41.0,5060.0
316,State Street,12030.0,-0.4,2693.0,11.3,314624.0,31891.8,-64.0,38784.0
317,Unum Group,12013.8,-8.7,824.2,3.9,70115.6,6382.8,-87.0,10200.0
318,Alleghany,12004.1,34.9,1034.9,917.1,32268.7,11396.1,21.0,13313.0
319,Boston Scientific,11888.0,19.9,1041.0,,32229.0,63310.2,-14.0,41000.0
320,Westlake,11778.0,57.0,2015.0,510.6,18459.0,15785.4,68.0,14550.0
321,Entergy,11742.9,16.1,1118.5,-19.4,59454.2,23760.4,-21.0,12369.0
322,International Flavors & Fragrances,11656.0,129.3,270.0,-25.7,39658.0,33455.6,200.0,24000.0
323,DaVita,11618.8,0.6,978.5,26.5,17121.5,10892.5,-52.0,69000.0
324,Mutual of Omaha Insurance,11459.3,3.3,579.0,-17.1,49852.7,,-42.0,5739.0
325,Assurant,11410.0,13.0,1372.4,210.6,33911.5,10493.1,-23.0,15600.0
326,Liberty Media,11400.0,21.8,398.0,,44351.0,15239.1,0.0,6886.0
327,Hormel Foods,11386.2,18.5,908.8,0.1,12696.3,28089.2,-10.0,20000.0
328,Icahn Enterprises,11328.0,85.0,518.0,,27746.0,15237.1,125.0,19536.0
329,Republic Services,11295.0,11.2,1290.4,33.4,24955.0,41841.7,-32.0,35000.0
330,Mohawk Industries,11200.6,17.3,1033.2,100.4,14224.5,8081.8,-9.0,43000.0
331,Conagra Brands,11184.7,1.2,1298.8,54.6,22195.6,16103.5,-48.0,18600.0
332,Norfolk Southern,11142.0,13.8,3005.0,49.3,38493.0,68389.3,-25.0,18100.0
333,AES,11141.0,15.3,409.0,-989.1,32963.0,17172.1,-20.0,8450.0
334,AGCO,11138.3,21.7,897.0,110.0,9182.1,10885.3,-3.0,23300.0
335,Caesars Entertainment,11110.0,219.8,1019.0,,38031.0,16564.6,340.0,49000.0
336,Equitable Holdings,11036.0,-11.1,439.0,,292262.0,12041.2,-92.0,10000.0
337,Advance Auto Parts,10998.0,8.8,616.1,25.0,12194.2,12644.8,-36.0,54500.0
338,Biogen,10981.7,-18.3,1556.1,-61.1,23877.3,30950.4,-110.0,9610.0
339,Auto-Owners Insurance,10980.2,24.0,1318.4,59.0,32487.1,,2.0,6441.0
340,Booking Holdings,10958.0,61.2,1165.0,1874.6,23641.0,96022.7,84.0,20199.0
341,Amphenol,10876.3,26.5,1590.8,32.2,14678.4,45130.1,8.0,90000.0
342,Quest Diagnostics,10788.0,14.3,1995.0,39.4,13611.0,16348.6,-18.0,44500.0
343,FirstEnergy,10758.0,3.1,1283.0,18.9,45432.0,26181.6,-49.0,12395.0
344,DCP Midstream,10707.0,69.9,391.0,,13380.0,6993.2,98.0,1788.0
345,Ally Financial,10690.0,-0.8,3060.0,182.0,182114.0,14411.6,-58.0,10500.0
346,Delek US Holdings,10648.2,45.8,203.5,,6728.0,1500.2,51.0,3312.0
347,Williams,10627.0,37.7,1517.0,619.0,47612.0,40670.4,32.0,4783.0
348,Newell Brands,10589.0,12.8,572.0,,14179.0,8902.4,-23.0,32000.0
349,Eastman Chemical,10476.0,23.6,857.0,79.3,15519.0,14450.1,6.0,14000.0
350,Air Products & Chemicals,10323.0,16.6,2099.1,11.3,26859.2,55409.4,-10.0,20750.0
351,Thrivent Financial for Lutherans,10312.7,26.5,2530.2,297.2,116524.8,,18.0,3256.0
352,Molson Coors Beverage,10279.7,6.5,1005.7,,27619.0,11631.8,-38.0,16300.0
353,Interpublic Group,10240.7,13.0,952.8,171.4,19909.2,13965.9,-19.0,55600.0
354,Weyerhaeuser,10201.0,35.4,2607.0,227.1,17652.0,28315.0,33.0,9214.0
355,Altice USA,10090.8,2.0,990.3,127.0,33215.0,5674.1,-49.0,9000.0
356,Raymond James Financial,9910.0,21.3,1403.0,71.5,61891.0,22817.5,11.0,15000.0
357,EMCOR Group,9903.6,12.6,383.5,188.5,5441.4,5931.8,-13.0,34000.0
358,Eversource Energy,9863.1,10.8,1220.5,1.3,48492.1,30403.2,-20.0,9227.0
359,Yum China Holdings,9853.0,19.2,990.0,26.3,13223.0,17679.0,4.0,298500.0
360,Asbury Automotive Group,9837.7,37.9,532.4,109.3,8002.6,3714.8,45.0,14200.0
361,Owens & Minor,9785.3,12.4,221.6,641.8,3536.6,3375.6,-16.0,17300.0
362,Public Service Enterprise Group,9722.0,1.2,648.0,-134.0,48999.0,35145.5,-44.0,12684.0
363,United Rentals,9716.0,13.9,1386.0,55.7,20292.0,25643.3,-11.0,20400.0
364,MGM Resorts International,9680.1,87.5,1254.4,,40899.1,18257.9,153.0,60500.0
365,Ryder System,9663.0,14.8,519.0,,13834.3,4055.4,-8.0,42800.0
366,Intuit,9633.0,25.4,2062.0,12.9,15516.0,135987.6,14.0,17350.0
367,Cincinnati Financial,9629.7,27.8,2945.6,142.2,31386.7,21813.3,19.0,5166.0
368,Erie Insurance Group,9619.7,11.0,1130.1,-3.7,27297.3,,-21.0,5805.0
369,Univar Solutions,9535.5,15.4,460.6,770.7,6777.8,5459.8,-7.0,9450.0
370,Huntington Ingalls Industries,9524.0,1.7,544.0,-21.8,10627.0,7991.0,-43.0,44000.0
371,W.R. Berkley,9455.5,16.7,1022.5,92.7,32086.4,17658.8,1.0,7681.0
372,Western & Southern Financial Group,9441.7,17.2,361.2,76.7,62876.7,,2.0,2538.0
373,Insight Enterprises,9436.1,13.1,219.3,27.1,4689.1,3745.1,-13.0,11624.0
374,News Corp.,9358.0,3.9,330.0,,16771.0,13127.7,-37.0,24000.0
375,American Tower,9356.9,16.4,2567.7,51.9,69887.9,114527.4,0.0,6378.0
376,Old Republic International,9341.6,30.4,1534.3,174.7,24981.8,7972.8,25.0,9600.0
377,Burlington Stores,9322.3,61.7,408.8,,7089.5,12112.8,94.0,38599.0
378,Avis Budget Group,9313.0,72.4,1285.0,,22600.0,14157.0,120.0,18500.0
379,ODP,9267.0,-4.6,208.0,,4865.0,2222.2,-67.0,26000.0
380,VF,9238.8,-21.0,407.9,-40.0,13754.0,22112.9,-117.0,33600.0
381,Bed Bath & Beyond,9233.0,-17.3,150.8,,6456.9,2170.5,-101.0,37600.0
382,Seaboard,9229.0,29.5,570.0,101.4,7503.0,4881.6,24.0,13200.0
383,First American Financial,9221.0,30.1,1241.0,78.2,16451.0,7087.2,26.0,22233.0
384,Intercontinental Exchange,9168.0,11.2,4058.0,94.3,193502.0,74044.8,-19.0,8858.0
385,PVH,9154.7,28.4,952.3,,12396.8,5210.0,19.0,25000.0
386,Apollo Global Management,9124.0,332.2,1838.5,1073.9,30501.9,37194.0,552.0,2153.0
387,Jefferies Financial Group,9039.9,30.0,1674.4,116.0,60404.1,7933.9,32.0,5556.0
388,Hershey,8971.3,10.1,1477.5,15.5,10412.2,44461.5,-18.0,17805.0
389,NVR,8970.1,18.6,1236.7,37.2,5834.5,15010.5,-6.0,6600.0
390,Foot Locker,8958.0,18.7,893.0,176.5,8135.0,2850.0,-5.0,33244.0
391,Dana,8945.0,25.9,197.0,,7632.0,2544.4,17.0,40200.0
392,SpartanNash,8931.0,-4.5,73.8,-2.8,2206.8,1185.1,-63.0,13300.0
393,Olin,8910.6,54.8,1296.7,,8517.7,8062.0,79.0,7750.0
394,Chewy,8890.8,24.4,73.8,,2086.3,17147.3,9.0,21300.0
395,Jackson Financial,8848.0,,3183.0,,375484.0,3895.1,0.0,3150.0
396,Activision Blizzard,8803.0,8.9,2699.0,22.8,25056.0,62559.7,-23.0,9800.0
397,Toll Brothers,8790.4,24.2,833.6,86.7,11537.9,5515.4,14.0,5100.0
398,Carlyle Group,8782.1,199.3,2974.7,754.3,21250.4,17427.5,360.0,1850.0
399,Graybar Electric,8767.3,20.7,262.4,115.4,3069.0,,0.0,8800.0
400,Ovintiv,8658.0,42.2,1416.0,,14055.0,13987.5,58.0,1713.0
401,UFP Industries,8636.1,67.6,535.6,117.1,3245.3,4790.5,117.0,15000.0
402,Ulta Beauty,8630.9,40.3,985.8,460.7,4764.4,20837.8,49.0,28500.0
403,Constellation Brands,8614.9,3.3,1998.0,,27104.8,43763.5,-44.0,9300.0
404,Expedia Group,8598.0,65.4,12.0,,21548.0,30476.5,111.0,14800.0
405,CommScope Holding,8586.7,1.8,462.6,,13259.5,1629.7,-49.0,30000.0
406,Celanese,8537.0,51.0,1890.0,-4.8,11975.0,15434.1,71.0,8529.0
407,Global Payments,8523.8,14.8,965.5,65.2,45279.7,38545.6,-13.0,25000.0
408,Owens Corning,8498.0,20.5,995.0,,10015.0,9064.7,5.0,20000.0
409,Campbell Soup,8476.0,-6.3,1002.0,-38.5,11734.0,13446.9,-74.0,14100.0
410,Huntsman,8453.0,40.3,1045.0,1.1,9392.0,8046.9,50.0,9000.0
411,Franklin Resources,8425.5,51.4,1831.2,129.2,24168.4,14019.3,73.0,10300.0
412,Avery Dennison,8408.3,20.6,740.1,33.1,7971.6,14327.4,5.0,36000.0
413,Masco,8375.0,14.9,410.0,-66.5,5575.0,12062.7,-15.0,20000.0
414,CenterPoint Energy,8352.0,-5.5,1486.0,,37679.0,19285.8,-72.0,9418.0
415,Fifth Third Bancorp,8329.0,-0.9,2770.0,94.1,211116.0,29511.3,-57.0,19112.0
416,WEC Energy Group,8316.0,14.8,1300.3,8.4,38988.5,31483.5,-16.0,6938.0
417,S&P Global,8297.0,11.5,3024.0,29.3,15026.0,142343.5,-24.0,22850.0
418,FM Global,8274.6,21.7,2842.4,64.1,32160.5,,5.0,5560.0
419,Polaris,8252.0,16.1,493.9,295.8,5047.8,6264.1,-12.0,16000.0
420,Williams-Sonoma,8245.9,21.6,1126.3,65.5,4625.6,10376.0,5.0,16600.0
421,Autoliv,8230.0,10.5,435.0,132.7,7537.0,6691.1,-29.0,58176.0
422,Arthur J. Gallagher,8209.4,17.2,906.8,10.7,33345.0,36598.6,-6.0,39000.0
423,Motorola Solutions,8171.0,10.2,1245.0,31.2,12189.0,40555.9,-28.0,18700.0
424,Zillow Group,8147.4,143.9,527.8,,10695.5,12287.1,268.0,8005.0
425,Opendoor Technologies,8021.0,210.5,662.0,,9506.0,5364.1,394.0,2816.0
426,J.M. Smucker,8002.7,2.6,876.3,12.4,16284.2,14686.4,-48.0,7100.0
427,Anywhere Real Estate,7983.0,28.3,343.0,,7210.0,1852.1,18.0,9748.0
428,Oshkosh,7952.5,16.0,409.4,26.2,6721.8,6703.7,-6.0,15000.0
429,MasTec,7951.8,25.8,328.8,1.9,7121.4,6657.0,12.0,27000.0
430,GXO Logistics,7940.0,,153.0,,7271.0,8193.0,0.0,97500.0
431,APA,7928.0,84.0,973.0,,13303.0,14332.3,164.0,2253.0
432,Boise Cascade,7926.1,44.8,712.5,307.2,2572.6,2740.4,61.0,6130.0
433,Dover,7907.1,18.3,1123.8,64.4,10403.6,22610.3,-4.0,25000.0
434,Genworth Financial,7882.0,-9.0,904.0,407.9,99171.0,1917.9,-86.0,2500.0
435,Bath & Body Works,7881.5,-33.5,1333.5,57.9,6026.0,11419.9,-178.0,32850.0
436,Booz Allen Hamilton Holding,7858.9,5.3,609.0,26.2,5499.6,11705.4,-45.0,27700.0
437,Coinbase Global,7839.4,513.7,3624.1,1024.4,21274.4,41670.4,0.0,3730.0
438,Zimmer Biomet Holdings,7836.2,11.6,401.6,,23456.4,26772.3,-24.0,19500.0
439,Westinghouse Air Brake Technologies,7822.0,3.5,558.0,34.7,18454.0,17819.4,-55.0,25000.0
440,Zoetis,7776.0,16.5,2037.0,24.4,13900.0,89008.9,-9.0,12100.0
441,Packaging Corp. of America,7730.3,16.1,841.1,82.5,7836.8,14628.1,-8.0,15200.0
442,LPL Financial Holdings,7720.8,31.5,459.9,-2.7,7991.6,14608.8,24.0,5919.0
443,T. Rowe Price,7671.9,23.6,3082.9,29.9,12509.0,34442.6,4.0,7529.0
444,Fortune Brands Home & Security,7656.1,25.7,772.4,39.6,7936.2,9830.7,12.0,28056.0
445,Casey's General Stores,7654.2,-5.6,312.9,18.6,4460.3,7354.4,-74.0,27583.0
446,A-Mark Precious Metals,7613.0,39.4,159.6,423.2,1191.6,890.5,49.0,347.0
447,Hess,7583.0,57.8,559.0,,20515.0,33155.2,96.0,1545.0
448,Vertex Pharmaceuticals,7574.4,22.1,2342.1,-13.6,13432.5,66436.9,0.0,3900.0
449,KeyCorp,7561.0,3.1,2625.0,95.5,186346.0,20592.5,-53.0,16974.0
450,Chipotle Mexican Grill,7547.1,26.1,653.0,83.5,6653.0,44347.4,14.0,97660.0
451,CMS Energy,7538.0,12.8,1353.0,79.2,28753.0,20292.2,-21.0,8813.0
452,Arconic,7504.0,32.2,397.0,,6580.0,2690.7,24.0,13900.0
453,Taylor Morrison Home,7501.3,22.4,663.0,172.4,8727.8,3301.6,-1.0,3000.0
454,American Financial Group,7462.0,-5.7,1995.0,172.5,28931.0,12367.8,-78.0,6600.0
455,UGI,7447.0,13.5,1467.0,175.8,16723.0,7599.1,-19.0,11300.0
456,Science Applications International,7394.0,4.8,277.0,32.5,5746.0,5166.1,-44.0,25090.0
457,Avantor,7386.1,15.5,572.6,391.1,13897.2,20629.1,-19.0,13500.0
458,Hanesbrands,7347.8,10.3,77.2,,7071.4,5191.4,-26.0,58000.0
459,Clorox,7341.0,9.2,710.0,-24.4,6334.0,17108.7,-32.0,9000.0
460,KBR,7339.0,27.3,18.0,,6199.0,7634.9,10.0,28000.0
461,TravelCenters of America,7336.8,51.4,58.5,,3508.5,637.5,79.0,16540.0
462,Hertz Global Holdings,7336.0,39.5,366.0,,19783.0,9508.9,46.0,23000.0
463,Analog Devices,7318.3,30.6,1390.4,13.9,52322.1,86441.2,18.0,24700.0
464,Securian Financial Group,7317.4,6.5,311.5,28.1,75169.4,,-43.0,6941.0
465,Darden Restaurants,7196.1,-7.8,629.3,,10656.1,16980.9,-88.0,156883.0
466,Graphic Packaging Holding,7156.0,9.1,204.0,21.9,10457.0,6154.4,-31.0,25000.0
466,NCR,7156.0,15.3,97.0,,11641.0,5474.7,-20.0,38000.0
468,Brighthouse Financial,7142.0,-16.0,108.0,,259840.0,3958.7,-115.0,1500.0
469,PPL,7127.0,-6.3,1480.0,-200.7,33223.0,21001.9,-87.0,5607.0
470,Cintas,7116.3,0.4,1111.0,26.8,8236.8,43566.7,-60.0,40000.0
471,Xerox Holdings,7038.0,0.2,455.0,-337.0,13223.0,3123.3,-56.0,23300.0
472,Rockwell Automation,6997.4,10.5,1358.1,32.7,10701.6,32538.4,-32.0,24500.0
473,Citizens Financial Group,6986.0,-9.0,2319.0,119.4,188409.0,19135.7,-92.0,17463.0
474,KLA,6918.7,19.2,2078.3,70.8,10271.1,55170.9,-6.0,11425.0
475,Camping World Holdings,6913.8,26.9,278.5,127.6,4372.9,2664.6,21.0,12834.0
476,Ingredion,6894.0,15.1,117.0,-66.4,6999.0,5814.2,-13.0,12000.0
477,Veritiv,6850.5,8.0,144.6,322.8,2438.4,2008.0,-38.0,6100.0
478,Beacon Roofing Supply,6820.4,-1.8,243.0,,5549.3,4175.9,-58.0,6676.0
479,Diamondback Energy,6797.0,141.6,2182.0,,22898.0,24320.0,302.0,870.0
480,Victoria's Secret,6784.6,,646.4,,4344.0,4330.4,0.0,24000.0
481,Academy Sports and Outdoors,6773.1,19.1,671.4,117.4,4584.9,3433.5,-6.0,16508.0
482,Sanmina,6756.6,-2.9,269.0,92.5,4206.7,2569.0,-64.0,33500.0
483,ON Semiconductor,6739.8,28.3,1009.6,331.1,9626.0,27078.7,26.0,31650.0
484,Commercial Metals,6729.8,22.9,412.9,47.7,4638.7,5056.7,8.0,11089.0
485,EnLink Midstream,6685.9,71.7,22.4,,8483.2,4670.6,145.0,1073.0
486,Southwestern Energy,6667.0,188.9,25.0,,11848.0,7989.7,407.0,938.0
487,Equinix,6635.5,10.6,500.2,35.3,27918.7,67280.5,-26.0,10944.0
488,Dillard's,6624.3,49.4,862.5,,3245.6,4928.2,97.0,25350.0
489,Regions Financial,6605.0,-0.8,2521.0,130.4,162938.0,20860.9,-55.0,19626.0
490,Yum Brands,6584.0,16.5,1575.0,74.2,5966.0,34252.9,-12.0,25650.0
491,Landstar System,6540.4,58.1,381.5,98.6,2045.5,5600.0,115.0,1399.0
492,CF Industries Holdings,6538.3,58.5,917.1,189.3,12375.2,21551.3,117.0,3003.0
493,Northern Trust,6488.3,3.0,1545.3,27.8,183889.8,24215.1,-50.0,21100.0
494,Robert Half International,6461.4,26.5,598.6,95.5,2952.4,12638.1,25.0,14600.0
495,Compass,6421.0,72.6,494.1,,1800.6,3358.8,151.0,4775.0
496,Hasbro,6420.4,17.5,428.7,92.7,10037.8,11383.6,-2.0,6640.0
497,Roper Technologies,6415.8,16.1,1152.6,21.4,23713.9,49868.8,-9.0,19300.0
498,ARKO,6412.6,88.1,59.2,348.9,2942.3,1133.9,183.0,11236.0
499,Frontier Communications,6411.0,-10.4,,,16481.0,6763.1,-97.0,15640.0
500,Ameren,6394.0,10.4,990.0,13.7,35735.0,24198.7,-31.0,9116.0
501,O-I Glass,6357.0,4.4,149.0,-40.2,8832.0,2058.0,-46.0,24000.0
502,Chemours,6345.0,27.7,608.0,177.6,7550.0,5015.0,25.0,6400.0
503,Crown Castle International,6340.0,8.6,1096.0,3.8,39040.0,79937.3,-36.0,5000.0
504,Agilent Technologies,6319.0,18.4,1210.0,68.3,10705.0,39714.0,-2.0,17000.0
505,McCormick,6317.9,12.8,755.3,1.1,12905.8,26754.0,-23.0,14000.0
506,Skechers U.S.A.,6310.2,36.8,741.5,652.3,6491.3,6360.4,52.0,8950.0
507,Watsco,6280.2,24.2,418.9,55.4,3085.9,11842.6,17.0,6875.0
508,Live Nation Entertainment,6268.4,236.8,650.9,,14402.3,26425.0,486.0,16200.0
509,Lululemon athletica,6256.6,42.1,975.3,65.6,4942.5,46717.8,78.0,29000.0
510,ABM Industries,6228.6,4.0,126.3,42000.0,4436.2,3078.7,-48.0,124000.0
511,Post Holdings,6226.7,9.3,166.7,20737.5,12414.7,4284.4,-37.0,10735.0
512,Moody's,6218.0,15.8,2214.0,24.5,14680.0,62548.1,-12.0,13460.0
513,Select Medical Holdings,6204.5,12.2,402.2,55.3,7360.2,3208.6,-26.0,43200.0
514,Alaska Air Group,6176.0,73.2,478.0,,13951.0,7314.3,147.0,21691.0
515,Big Lots,6150.6,-0.8,177.8,-71.7,3927.3,988.1,-66.0,23350.0
516,Amkor Technology,6138.3,21.5,643.0,90.2,6038.6,5313.0,9.0,30400.0
517,Sinclair Broadcast Group,6134.0,3.2,414.0,,12541.0,2008.1,-52.0,11500.0
518,RPM International,6106.3,10.9,502.6,65.1,6253.0,10560.8,-29.0,15490.0
519,M&T Bank,6105.8,-2.8,1858.7,37.4,155107.2,21875.0,-75.0,17342.0
520,Sprouts Farmers Market,6099.9,-5.7,244.2,-15.1,2923.1,3546.8,-83.0,31000.0
521,Huntington Bancshares,6080.0,16.1,1295.0,58.5,174064.0,21123.4,-11.0,18442.0
522,CACI International,6044.1,5.7,457.4,42.3,6172.4,7051.2,-49.0,22000.0
523,JetBlue Airways,6037.0,104.2,182.0,,13642.0,4786.9,229.0,17459.0
524,SVB Financial Group,6027.0,47.7,1833.0,51.7,211478.0,32901.0,89.0,6567.0
525,Fastenal,6010.9,6.4,925.0,7.7,4299.0,34187.9,-46.0,18370.0
526,GameStop,6010.7,18.1,381.3,,3499.3,12716.6,-5.0,22500.0
527,Knight-Swift Transportation Holdings,5998.0,28.3,743.4,81.3,10655.5,8386.0,24.0,27650.0
528,Airbnb,5991.8,77.4,352.0,,13708.5,110419.9,160.0,6132.0
529,Patterson,5912.1,7.7,156.0,,2751.5,3160.0,-38.0,7800.0
530,Penn National Gaming,5905.0,65.0,420.8,,16872.1,7140.2,129.0,21973.0
531,ServiceNow,5896.0,30.5,230.0,94.1,10798.0,111378.0,39.0,16881.0
532,Nasdaq,5886.0,4.6,1187.0,27.2,20115.0,29298.2,-52.0,5814.0
533,Brunswick,5846.2,34.5,593.3,59.2,5425.0,6197.3,59.0,18582.0
534,Resideo Technologies,5846.0,15.3,242.0,554.1,5853.0,3455.8,-11.0,13300.0
535,Chesapeake Energy,5809.0,11.5,,,11009.0,11135.9,-22.0,1300.0
536,Petco Health and Wellness,5807.1,18.0,164.4,,6497.9,5930.2,-5.0,28495.0
537,Kemper,5793.0,11.3,120.5,-129.4,14916.5,3606.0,-23.0,10300.0
538,Hilton Worldwide Holdings,5788.0,34.4,410.0,,15441.0,42356.6,58.0,142000.0
539,Cerner,5764.8,4.7,555.6,-28.8,7434.2,27492.2,-49.0,25150.0
540,Levi Strauss,5763.9,29.5,553.5,,5900.1,7874.7,40.0,16600.0
541,Tapestry,5746.3,15.8,834.2,,8382.4,9807.2,-13.0,14250.0
542,NetApp,5744.0,6.1,730.0,-10.9,9360.0,18470.5,-45.0,11000.0
543,KB Home,5724.9,36.9,564.7,90.6,5835.9,2858.1,60.0,2244.0
544,Continental Resources,5719.3,121.1,1661.0,,18591.1,22342.4,274.0,1254.0
545,Intuitive Surgical,5710.1,31.0,1704.6,60.7,13555.0,108361.9,46.0,9793.0
546,Under Armour,5683.5,27.0,360.1,,4991.4,7712.4,32.0,12300.0
547,MDU Resources Group,5680.7,2.7,378.1,-3.1,8910.4,5419.3,-61.0,12826.0
548,Silgan Holdings,5677.1,15.3,359.1,16.3,7770.8,5104.3,-18.0,15720.0
549,Ryerson Holding,5675.3,63.7,294.3,,2365.6,1344.6,127.0,4000.0
550,Ingersoll Rand,5655.2,15.2,562.5,,15154.5,20541.2,-17.0,16000.0
551,Hologic,5632.3,49.1,1871.5,67.8,8919.9,19305.1,90.0,6705.0
552,Electronic Arts,5629.0,1.7,837.0,-72.5,13288.0,35577.4,-67.0,11000.0
553,Zebra Technologies,5627.0,26.5,837.0,66.1,6215.0,21959.1,28.0,9800.0
554,Coty,5616.2,-16.6,201.3,,13691.4,7540.6,-128.0,11430.0
555,Schneider National,5608.7,23.2,405.4,91.5,3937.3,4551.6,10.0,17050.0
556,Sonoco Products,5590.4,6.7,85.5,-141.2,5073.2,6099.1,-45.0,20500.0
557,Concentrix,5587.0,,405.6,,5046.4,8605.2,0.0,290000.0
558,Evergy,5586.7,13.7,879.7,42.3,28520.5,15512.7,-26.0,4930.0
559,Cornerstone Building Brands,5583.1,20.9,665.9,,5827.5,3088.7,-2.0,21700.0
560,Coca-Cola Consolidated,5562.7,11.1,189.6,9.9,3445.6,4657.3,-34.0,15050.0
561,Greif,5556.1,23.1,390.7,259.1,5815.8,3134.0,11.0,16000.0
562,Vulcan Materials,5552.2,14.3,670.8,14.8,13682.6,24412.7,-23.0,11912.0
563,Ametek,5546.5,22.2,990.1,13.5,11898.2,30787.3,3.0,18500.0
564,Monster Beverage,5541.4,20.5,1377.5,-2.3,7804.8,42295.8,-2.0,3775.0
565,Sealed Air,5533.8,12.9,506.8,0.8,6229.3,9920.7,-31.0,16500.0
566,NOV,5524.0,-9.3,250.0,,9550.0,7700.2,-109.0,27043.0
567,Las Vegas Sands,5505.0,52.4,961.0,,20059.0,29696.4,87.0,44600.0
568,Martin Marietta Materials,5493.2,16.1,702.5,-2.6,14393.0,24015.1,-22.0,10000.0
569,Marathon Oil,5467.0,77.2,946.0,,16994.0,18349.5,164.0,1531.0
570,Mattel,5457.7,19.1,903.0,613.1,6393.9,7823.3,-7.0,36300.0
571,Microchip Technology,5438.4,3.1,349.4,-38.8,16478.8,41777.1,-66.0,19500.0
572,Harley-Davidson,5336.3,31.6,650.0,49978.9,11051.1,6062.9,42.0,5800.0
573,Telephone & Data Systems,5329.0,2.0,156.0,-31.0,13493.0,2163.4,-61.0,8800.0
574,ADT,5307.1,-0.1,340.8,,16894.4,6843.0,-70.0,25000.0
575,First Republic Bank,5305.0,17.7,1478.0,38.9,181087.0,29113.6,-1.0,6295.0
576,Warner Music Group,5301.0,18.8,304.0,,7211.0,19485.7,3.0,5900.0
577,Pool,5295.6,34.5,650.6,77.4,3230.1,16967.1,47.0,5650.0
578,Old Dominion Freight Line,5256.3,30.9,1034.4,53.8,4821.5,34307.5,41.0,23663.0
579,Fortive,5254.7,13.4,608.4,-62.3,16465.5,21877.9,-23.0,18000.0
580,MDC Holdings,5254.7,34.7,573.7,56.1,4963.5,2692.7,49.0,2080.0
581,NGL Energy Partners,5243.2,-73.5,639.8,,5947.3,288.6,-430.0,997.0
582,Edwards Lifesciences,5232.5,19.3,1503.1,82.5,8502.6,73141.4,7.0,15700.0
583,Hanover Insurance Group,5227.8,8.3,418.7,16.7,14254.3,5317.9,-41.0,4400.0
584,Syneos Health,5213.0,18.1,234.8,21.8,8237.1,8436.7,2.0,27443.0
585,Xylem,5195.0,6.5,427.0,68.1,8276.0,15354.7,-47.0,16700.0
586,Church & Dwight,5190.1,6.0,827.5,5.3,7996.5,24119.1,-51.0,5100.0
587,American Axle & Manufacturing,5156.6,9.5,5.9,,5635.7,888.3,-40.0,18000.0
588,Meritage Homes,5141.3,14.2,737.4,74.1,4807.5,2907.3,-11.0,1773.0
589,Workday,5138.8,19.0,29.4,,10498.5,60583.4,5.0,15200.0
590,Rush Enterprises,5126.1,8.2,241.4,110.1,3120.0,2788.5,-45.0,7141.0
591,Yellow,5121.8,13.5,109.1,,2425.6,360.3,-18.0,32000.0
592,Encompass Health,5121.6,10.3,412.2,45.0,6864.9,7071.1,-38.0,35681.0
593,Simon Property Group,5116.8,11.1,2249.6,102.2,33777.4,43197.8,-33.0,2850.0
594,Globe Life,5112.9,7.9,745.0,1.8,29768.0,9977.3,-50.0,3222.0
595,Skyworks Solutions,5109.1,52.3,1498.3,83.9,8590.7,21547.5,95.0,10945.0
596,Endeavor Group Holdings,5077.7,46.0,296.6,,11434.5,20363.1,78.0,7700.0
597,Twitter,5077.5,36.6,221.4,,14059.5,30976.8,50.0,7500.0
598,Leggett & Platt,5072.6,18.5,402.4,62.5,5307.3,4659.0,0.0,20300.0
599,Western Union,5070.8,4.9,805.8,8.3,8823.5,7374.7,-58.0,10500.0
600,PerkinElmer,5067.2,34.0,943.2,29.6,15000.6,22009.4,39.0,16700.0
601,SS&C Technologies Holdings,5051.0,8.2,800.0,28.0,17333.0,19235.1,-49.0,24900.0
602,CUNA Mutual Group,5049.5,24.7,622.3,327.7,44345.0,,13.0,4100.0
603,FMC,5045.2,8.7,736.5,33.5,10581.3,16563.8,-48.0,6400.0
604,Carlisle,5030.0,18.5,421.7,31.7,7246.8,12804.5,-5.0,11250.0
605,American Eagle Outfitters,5010.8,33.3,419.6,,3786.6,2836.6,37.0,24000.0
606,Core & Main,5004.0,37.4,166.0,348.6,4434.0,5948.8,0.0,4100.0
607,Vertiv Holdings,4998.1,14.4,119.6,,6939.6,5263.9,-17.0,24000.0
608,Broadridge Financial Solutions,4993.7,10.3,547.5,18.4,8119.8,18182.7,-40.0,13704.0
609,Ingles Markets,4987.9,8.2,249.7,39.8,2018.3,1691.4,-50.0,18460.0
610,TPG,4976.4,135.3,2180.9,198.1,8962.0,9304.9,0.0,1013.0
611,Insperity,4973.1,16.0,124.1,-10.2,1753.1,3849.8,-14.0,3600.0
612,Howmet Aerospace,4972.0,-5.5,258.0,-1.1,10219.0,15055.4,-105.0,19900.0
613,R.R. Donnelley & Sons,4963.7,-8.1,3.7,-96.2,3131.4,,-114.0,32000.0
614,Keysight Technologies,4941.0,17.1,894.0,42.6,7781.0,28746.6,-13.0,14300.0
615,Tempur Sealy International,4930.8,34.1,624.5,79.0,4323.4,4997.7,37.0,12000.0
616,Scotts Miracle-Gro,4925.0,19.2,512.5,32.3,4800.0,6834.6,-9.0,8050.0
617,Equifax,4923.9,19.3,744.2,43.1,11040.9,29141.8,-9.0,12700.0
618,Kelly Services,4909.7,8.7,156.1,,2894.2,856.0,-47.0,7400.0
619,NiSource,4899.6,4.7,584.9,,24156.9,12891.2,-70.0,7307.0
620,OneMain Holdings,4895.0,,1314.0,80.0,22079.0,6042.8,-84.0,8800.0
621,DoorDash,4888.0,69.4,468.0,,6809.0,40830.3,148.0,8600.0
622,Avient,4818.8,48.6,230.8,75.4,4997.2,4388.4,80.0,8700.0
623,Sanderson Farms,4799.7,34.7,455.1,1509.6,2345.0,4185.4,39.0,17662.0
624,TransDigm Group,4798.0,-7.4,680.0,-2.7,19315.0,36135.8,-108.0,13300.0
625,Stifel Financial,4783.1,25.3,824.9,63.8,34049.7,7226.0,8.0,8600.0
626,JELD-WEN Holding,4771.7,12.7,168.8,84.3,3738.7,1826.0,-26.0,24700.0
627,Ares Management,4770.6,122.8,408.8,168.7,21605.2,23821.1,0.0,2100.0
628,Elanco Animal Health,4765.0,45.6,472.0,,16483.0,12345.4,71.0,9800.0
629,Prologis,4759.4,7.2,2939.7,98.4,58486.2,119524.5,-45.0,2053.0
630,Welltower,4742.1,3.0,336.1,-65.7,34910.3,43001.5,-69.0,464.0
631,Darling Ingredients,4741.4,32.7,650.9,119.3,6133.7,12987.4,29.0,9900.0
632,Juniper Networks,4735.4,6.5,252.7,-2.0,8887.0,11986.6,-50.0,10191.0
633,Gartner,4734.0,15.5,793.6,197.5,7416.3,24477.2,-21.0,16600.0
634,Par Pacific Holdings,4710.1,50.7,81.3,,2570.3,783.3,91.0,1336.0
635,Hubbell,4703.5,12.4,399.5,13.8,5281.5,9959.6,-33.0,18300.0
636,CME Group,4689.7,-4.0,2636.4,25.2,196780.3,85492.3,-99.0,3480.0
637,Nexstar Media Group,4648.4,3.3,834.6,2.9,13264.5,7728.3,-61.0,11817.0
638,Tutor Perini,4641.8,-12.7,91.9,-15.2,4724.9,551.8,-135.0,7800.0
639,Antero Resources,4619.4,32.3,186.9,,13896.5,9608.0,33.0,519.0
640,Teledyne Technologies,4614.3,49.5,445.3,10.8,14430.3,22102.9,92.0,14500.0
641,Snap-on,4601.7,16.7,820.5,30.9,6759.7,10976.1,-18.0,12800.0
642,Rent-A-Center,4583.5,62.9,134.9,-35.2,2993.3,1486.9,138.0,14290.0
643,Covetrus,4575.0,5.4,54.0,,3410.0,2319.3,-50.0,4873.0
644,Crestwood Equity Partners,4569.0,102.7,78.5,,4445.7,2931.5,260.0,645.0
645,Louisiana-Pacific,4553.0,63.3,1377.0,176.0,2194.0,5344.1,142.0,4800.0
646,Urban Outfitters,4548.8,31.9,310.6,25030.7,3791.3,2421.4,32.0,16330.0
647,Penn Mutual Life Insurance,4545.6,22.8,522.9,82.2,44190.9,,2.0,3194.0
648,Amerco,4542.0,14.2,610.9,38.2,14651.6,11704.7,-28.0,22052.0
649,TriNet Group,4540.0,12.5,338.0,24.3,3309.0,6482.5,-31.0,2800.0
650,Sentry Insurance Group,4526.2,26.2,739.9,266.7,23880.5,,8.0,4064.0
651,Illumina,4526.0,39.7,762.0,16.2,15217.0,54855.8,55.0,10775.0
652,Iron Mountain,4491.5,8.3,450.2,31.4,14450.0,16059.5,-47.0,25000.0
653,LCI Industries,4472.7,60.0,287.7,81.6,3288.1,2624.5,131.0,13900.0
654,Marvell Technology,4462.4,50.3,421.0,,22108.6,60795.7,0.0,6712.0
655,PennyMac Financial Services,4450.2,-1.9,1003.5,-39.1,18776.6,2948.5,-88.0,7208.0
656,Digital Realty Trust,4427.9,13.4,1709.3,379.6,36369.6,40337.7,-29.0,3030.0
657,TreeHouse Foods,4405.5,-3.6,12.5,-190.6,5207.0,1800.0,-93.0,10000.0
658,Ralph Lauren,4400.8,-28.6,121.1,-131.5,7887.5,8073.2,-208.0,16200.0
659,Mattress Firm Group,4392.9,34.9,165.1,-231.4,3539.1,,0.0,8900.0
660,American National Group,4391.8,15.8,699.3,49.6,31320.3,5084.1,-24.0,4545.0
661,Autodesk,4386.4,15.7,497.0,-58.9,8606.8,46580.0,-24.0,12600.0
662,Domino's Pizza,4357.4,5.8,510.5,3.9,1671.8,14665.9,-52.0,10450.0
663,ASGN,4333.8,9.7,409.9,104.6,3502.8,6022.2,-41.0,3900.0
664,Flowers Foods,4330.8,-1.3,206.2,35.4,3253.3,5438.6,-76.0,8900.0
665,BlueLinx Holdings,4277.2,38.1,296.1,266.1,1317.5,699.5,62.0,2045.0
666,Palo Alto Networks,4256.1,24.9,498.9,,10241.6,61307.5,16.0,10473.0
667,Maximus,4254.5,22.9,291.2,35.8,4119.0,4641.1,10.0,35800.0
668,Dentsply Sirona,4251.0,27.2,421.0,,9220.0,10708.0,23.0,15000.0
669,Hub Group,4232.4,21.1,171.5,133.1,2437.3,2678.5,2.0,4700.0
670,Voya Financial,4230.0,-53.7,2126.0,,171262.0,7042.2,-338.0,5970.0
670,Bread Financial Holdings,4230.0,-6.4,801.0,274.8,21746.0,2804.6,-101.0,6000.0
672,Weis Markets,4224.4,2.7,108.8,-8.5,1910.5,1921.1,-61.0,24000.0
673,Century Communities,4216.3,33.4,498.5,141.8,3496.9,1783.2,44.0,1600.0
674,Synopsys,4204.2,14.1,757.5,14.0,8752.3,51023.2,-23.0,16361.0
675,Brink's,4200.2,13.8,105.2,557.5,5566.7,3234.4,-25.0,73350.0
676,Lennox International,4194.1,15.4,464.0,30.2,2171.9,9447.2,-23.0,11000.0
677,Service Corp. International,4143.1,18.0,802.9,55.6,15691.2,10581.3,-7.0,20840.0
678,Conduent,4140.0,-0.6,28.0,,4036.0,1111.6,-74.0,60000.0
679,Timken,4132.9,17.6,369.1,29.7,5170.7,4539.6,-10.0,18029.0
680,Domtar,4132.0,-11.1,27.0,,4854.0,,-127.0,6100.0
681,Bloomin' Brands,4122.4,30.0,215.6,,3294.3,1966.6,33.0,82000.0
682,CNO Financial Group,4122.2,7.9,441.0,46.1,36204.4,2945.7,-50.0,3350.0
683,Snap,4117.0,64.2,488.0,,7536.3,58458.4,156.0,5661.0
684,Zoom Video Communications,4099.9,54.6,1375.6,104.6,7551.3,35066.3,126.0,6787.0
685,Patrick Industries,4078.1,64.0,224.9,131.7,2650.7,1408.2,159.0,11000.0
686,Paychex,4056.8,0.4,1097.5,-0.1,9227.2,49268.0,-69.0,15000.0
687,Atlas Air Worldwide Holdings,4030.8,25.5,493.3,36.9,6443.2,2523.4,21.0,4056.0
688,Bright Health Group,4029.4,233.7,1184.9,,3598.3,1213.5,0.0,3203.0
689,Peloton Interactive,4021.8,120.3,189.0,,4485.6,8760.9,0.0,8662.0
690,Country Financial,4016.2,65.3,419.2,47.4,16327.2,,164.0,3149.0
691,Qorvo,4015.3,24.0,733.6,119.4,7221.5,13456.4,14.0,8750.0
692,Catalent,3998.0,29.2,585.0,165.1,9112.0,19862.7,36.0,17300.0
693,Mercury General,3993.4,5.5,247.9,-33.8,6772.5,3045.4,-55.0,4300.0
694,AMN Healthcare Services,3984.2,66.4,327.4,363.3,3131.9,4796.1,168.0,3800.0
695,Tri Pointe Homes,3982.2,22.1,469.3,66.3,4336.2,2160.1,5.0,1390.0
696,ArcBest,3980.1,35.4,213.5,200.3,2112.7,1979.7,59.0,14000.0
697,Toro,3959.6,17.2,409.9,24.3,2936.1,8936.9,-10.0,10982.0
698,Spirit AeroSystems Holdings,3953.0,16.1,540.8,,7737.3,5130.6,-14.0,16100.0
699,Align Technology,3952.6,59.9,772.0,-56.5,5942.1,34354.8,151.0,22540.0
700,loanDepot,3943.2,-11.3,113.5,-94.4,11812.3,1290.3,-117.0,11307.0
701,APi Group,3940.0,9.8,47.0,,5159.0,4891.1,-45.0,13300.0
702,American Water Works,3930.0,4.1,1263.0,78.1,26075.0,30085.5,-62.0,6400.0
703,Matson,3925.3,64.7,927.4,380.3,3693.1,4927.5,163.0,4259.0
704,Diebold Nixdorf,3905.2,0.1,78.8,,3507.2,531.2,-76.0,22000.0
705,Marriott Vacations Worldwide,3890.0,34.8,49.0,,9613.0,6620.0,64.0,20300.0
706,Terex,3886.8,26.1,220.9,,2863.5,2485.5,29.0,8600.0
707,Sally Beauty Holdings,3875.0,10.3,239.9,111.8,2847.1,1720.5,-39.0,29000.0
708,Enovis,3854.3,25.5,71.7,68.1,8515.3,6419.3,29.0,16200.0
709,IAC/InterActiveCorp,3845.1,26.2,597.5,121.5,12300.3,9001.4,31.0,13200.0
710,Meritor,3833.0,25.9,199.0,-18.8,2938.0,2519.4,32.0,9600.0
711,Ventas,3828.0,0.9,49.0,-88.8,24717.8,24676.2,-77.0,434.0
712,GoDaddy,3815.7,15.0,242.3,,7417.1,14018.7,-15.0,6611.0
713,Regal Rexnord,3810.3,31.1,209.9,10.9,10281.6,10002.1,50.0,30000.0
714,Puget Energy,3805.7,14.4,260.8,42.8,15871.9,,-19.0,3185.0
715,Clean Harbors,3805.6,21.0,203.2,50.7,5653.7,6073.8,6.0,18300.0
716,Pinnacle West Capital,3803.8,6.0,618.7,12.4,22003.2,8820.0,-59.0,5872.0
717,eXp World Holdings,3771.2,109.7,81.2,160.9,413.8,3149.3,0.0,1669.0
718,Mueller Industries,3769.3,57.2,468.5,235.9,1728.9,3100.4,143.0,5337.0
719,Wynn Resorts,3763.7,79.6,755.8,,12530.8,9243.3,221.0,26950.0
720,RH,3758.8,32.0,688.5,153.3,5540.5,7079.0,57.0,6100.0
721,EPAM Systems,3758.1,41.3,481.7,47.2,3523.2,16870.7,87.0,58824.0
722,M/I Homes,3745.9,23.0,396.9,65.4,3239.9,1262.2,19.0,1657.0
723,Generac Holdings,3737.2,50.4,550.5,57.0,4877.8,18960.3,122.0,9248.0
724,Mettler-Toledo International,3717.9,20.5,769.0,27.6,3326.8,31220.3,10.0,16700.0
725,Abercrombie & Fitch,3712.8,18.8,263.0,,2939.5,1619.5,-1.0,19250.0
726,Teradyne,3702.9,18.6,1014.6,29.4,3809.4,19202.6,0.0,5900.0
727,American Equity Investment Life Holding,3689.5,52.2,474.0,-29.4,78349.1,3869.2,130.0,850.0
728,Southwest Gas Holdings,3680.5,11.6,200.8,-13.6,12765.3,5233.6,-30.0,12720.0
729,Pitney Bowes,3673.6,3.4,1.4,,4958.9,900.1,-65.0,11500.0
730,Lamb Weston Holdings,3670.9,-3.2,317.8,-13.1,4209.4,8699.1,-95.0,7800.0
731,Alliant Energy,3669.0,7.4,659.0,7.3,18553.0,15670.6,-51.0,3313.0
732,Resolute Forest Products,3664.0,30.9,307.0,2970.0,3538.0,991.7,51.0,6900.0
733,Parsons,3660.8,-6.6,64.1,-35.0,3830.9,4012.0,-108.0,15500.0
734,Trimble,3659.1,16.2,492.7,26.4,7099.6,18122.7,-14.0,11931.0
735,OGE Energy,3653.7,72.2,737.3,,12606.4,8164.2,198.0,2185.0
736,Garrett Motion,3633.0,19.7,,,2706.0,463.9,7.0,7600.0
737,Winnebago Industries,3629.8,54.1,281.9,358.8,2062.6,1770.9,140.0,6532.0
738,Ciena,3620.7,2.5,500.2,38.4,4865.2,9223.4,-72.0,7205.0
739,PriceSmart,3619.9,8.7,98.0,25.4,1705.8,2434.1,-45.0,10400.0
740,Advantage Solutions,3602.3,14.2,54.5,,5854.3,2029.6,-22.0,45000.0
741,H&R Block,3588.6,35.9,683.9,,4014.4,4284.6,70.0,38000.0
742,iHeartMedia,3558.3,20.7,159.2,,8881.3,2728.1,11.0,9990.0
743,Super Micro Computer,3557.4,6.5,111.9,32.7,2242.0,1963.0,-50.0,4155.0
744,Flowserve,3541.1,-5.0,125.9,-3.4,4749.8,4681.4,-101.0,16000.0
745,Charles River Laboratories International,3540.2,21.1,391.0,7.3,7024.3,14425.4,15.0,19300.0
746,A.O. Smith,3538.9,22.2,487.1,41.2,3474.4,10032.2,21.0,13700.0
747,New Residential Investment,3533.1,512.8,772.2,,39742.2,5125.0,0.0,12296.0
748,Medical Mutual of Ohio,3514.8,-0.3,78.3,-22.0,2646.4,,-81.0,2834.0
749,Granite Construction,3501.9,-1.7,10.1,,2494.9,1504.7,-86.0,2600.0
750,Valmont Industries,3501.6,20.9,195.6,39.0,3447.2,5083.4,16.0,11041.0
751,Sprague Resources,3498.2,49.8,68.9,-303.8,1418.3,433.7,135.0,757.0
752,Primoris Services,3497.6,0.2,115.6,10.1,2543.3,1269.8,-79.0,10810.0
753,Cboe Global Markets,3494.8,2.0,529.0,13.0,6814.5,12148.2,-74.0,1196.0
754,Carter's,3486.4,15.3,339.7,209.7,3201.8,3763.4,-9.0,15900.0
755,TopBuild,3486.2,28.3,324.0,31.2,4258.5,5987.1,40.0,13006.0
756,SiteOne Landscape Supply,3475.7,28.5,238.4,96.5,2116.1,7255.5,46.0,5475.0
757,Texas Roadhouse,3463.9,44.4,245.3,684.8,2512.0,5787.8,103.0,73300.0
758,Akamai Technologies,3461.2,8.2,651.6,17.0,8138.7,19210.0,-47.0,8700.0
759,Acuity Brands,3461.0,4.0,306.3,23.4,3575.1,6628.9,-63.0,13000.0
759,Brown-Forman,3461.0,2.9,903.0,9.2,6522.0,31376.6,-70.0,4700.0
761,Navient,3454.0,-7.3,717.0,74.0,80605.0,2592.3,-117.0,5263.0
762,Coterra Energy,3449.0,135.2,1158.0,477.5,19900.0,21872.1,0.0,936.0
763,Option Care Health,3438.6,13.4,139.9,,2790.9,5139.0,-19.0,6334.0
764,Floor & Decor Holdings,3433.5,41.5,283.2,45.3,3730.7,8573.8,92.0,9276.0
765,Public Storage,3415.8,17.2,1953.3,43.9,17380.9,68438.2,-3.0,5800.0
766,Cabot,3409.0,30.4,250.0,,3306.0,3871.1,47.0,4500.0
767,Crane Holdings,3408.0,16.0,435.4,140.6,4486.6,6158.9,-10.0,11000.0
768,Atmos Energy,3407.5,20.8,665.6,10.7,19608.7,16182.8,10.0,4684.0
769,Selective Insurance Group,3379.2,15.6,403.8,63.9,10461.4,5391.5,-8.0,2440.0
770,Take-Two Interactive Software,3372.8,9.2,588.9,45.6,6028.2,17744.1,-40.0,6495.0
771,Boyd Gaming,3369.8,54.7,463.8,,6224.2,7234.0,145.0,15114.0
772,Plexus,3368.9,-0.6,138.9,18.2,2461.9,2298.6,-87.0,19200.0
773,ScanSource,3364.2,-6.8,10.8,,1671.7,890.8,-118.0,2200.0
774,Franchise Group,3362.7,56.2,363.8,1351.4,3913.2,1669.6,150.0,11895.0
775,NLV Financial,3350.8,30.2,392.1,102.5,41942.4,,48.0,1157.0
776,CrossAmerica Partners,3350.5,87.1,21.7,-79.8,1270.1,826.5,0.0,2218.0
777,Mr. Cooper Group,3344.0,22.4,1454.0,376.7,14204.0,3369.4,15.0,8200.0
778,Fortinet,3342.2,28.8,606.8,24.2,5919.1,54957.1,38.0,10195.0
779,Brinker International,3337.8,8.4,131.6,439.3,2274.9,1701.9,-43.0,59491.0
780,Albemarle,3328.0,6.4,123.7,-67.1,10974.1,25899.4,-57.0,6000.0
781,Peabody Energy,3318.3,15.2,360.1,,4949.8,3391.5,-9.0,4900.0
782,Light & Wonder,3310.0,21.5,371.0,,7883.0,5679.7,12.0,5600.0
783,Evercore,3307.1,44.7,740.1,111.1,3802.7,4275.1,116.0,1940.0
784,Stewart Information Services,3305.8,44.5,323.2,108.7,2813.4,1635.1,114.0,7300.0
785,Central Garden & Pet,3303.7,22.6,151.7,25.7,3116.7,2286.5,19.0,6750.0
786,GMS,3298.8,1.8,105.6,351.5,2483.9,2142.1,-83.0,5843.0
787,H.B. Fuller,3278.0,17.5,161.4,30.5,4274.5,3505.2,-1.0,6500.0
788,Middleby,3250.8,29.3,488.5,135.7,6383.6,8961.1,49.0,10624.0
789,Renewable Energy Group,3244.1,51.8,213.8,74.1,2558.9,3056.2,139.0,1196.0
790,MSC Industrial Direct,3243.2,1.6,216.9,-13.6,2462.1,4758.3,-78.0,6472.0
791,Vishay Intertechnology,3240.5,29.5,298.0,142.4,3543.3,2840.1,49.0,22800.0
792,Applied Industrial Technologies,3235.9,-0.3,144.8,502.1,2271.8,3947.9,-91.0,5947.0
793,Lincoln Electric Holdings,3234.2,21.8,276.5,34.1,2592.3,8079.1,16.0,11000.0
794,First Horizon,3234.0,-4.6,999.0,18.2,89092.0,12542.9,-108.0,7676.0
795,Spirit Airlines,3230.8,78.5,472.6,,8540.0,2375.4,0.0,9823.0
796,AptarGroup,3227.2,10.2,244.1,14.0,4141.4,7702.9,-37.0,13000.0
797,Citrix Systems,3217.2,-0.6,307.5,-39.0,6975.5,12704.6,-90.0,9700.0
798,IDEXX Laboratories,3215.4,18.8,744.8,28.0,2437.2,46089.3,2.0,10350.0
799,Tetra Tech,3213.5,7.3,232.8,33.9,2576.6,8906.7,-51.0,21000.0
800,Lyft,3208.3,35.7,1009.4,,4773.9,13384.6,75.0,4453.0
801,Gannett,3208.1,-5.8,135.0,,2828.1,643.9,-118.0,16300.0
802,ResMed,3196.8,8.1,474.5,-23.7,4728.1,35463.3,-51.0,7970.0
803,Designer Brands,3196.6,43.0,154.5,,2014.6,991.4,104.0,13500.0
804,Graham Holdings,3186.0,10.3,352.1,17.2,7425.5,3000.6,-36.0,15048.0
805,Vroom,3184.3,134.5,370.9,,2366.8,364.7,0.0,1807.0
806,Worthington Industries,3171.4,3.7,723.8,818.6,3373.2,2537.8,-68.0,9000.0
807,Calumet Specialty Products Partners,3148.0,38.8,260.1,,2127.9,1070.8,96.0,1450.0
808,Xilinx,3147.6,-0.5,646.5,-18.4,5519.2,,-92.0,4890.0
809,TransUnion,3145.0,15.8,1387.1,304.2,12635.0,19882.6,-13.0,10200.0
810,Travel + Leisure,3134.0,45.1,308.0,,6588.0,4966.2,112.0,16800.0
811,Callaway Golf,3133.4,97.1,322.0,,7747.8,4337.1,0.0,24800.0
812,Dycom Industries,3130.5,-2.1,48.6,41.5,2118.2,2821.0,-102.0,15024.0
813,Columbia Sportswear,3126.4,25.0,354.1,227.8,3067.1,5840.4,28.0,8325.0
814,II-VI,3105.9,30.5,297.6,,6512.7,7708.2,54.0,22961.0
815,Change Healthcare,3090.4,1470.4,112.2,,10112.6,6799.3,0.0,15000.0
816,Grocery Outlet Holding,3079.6,-1.8,62.3,-41.6,2669.8,3148.0,-94.0,875.0
817,AMC Networks,3077.6,9.3,250.6,4.4,5748.9,1721.7,-38.0,1883.0
818,Hyster-Yale Materials Handling,3075.7,9.4,173.0,-566.3,1970.1,561.2,-36.0,8100.0
819,ChampionX,3075.0,61.8,113.3,,3534.7,4976.7,167.0,7000.0
820,Comfort Systems USA,3073.6,7.6,143.3,-4.5,2209.1,3200.5,-44.0,13200.0
821,EQT,3064.7,0.2,1155.8,,21607.4,12955.4,-82.0,693.0
822,Brown & Brown,3051.4,16.8,587.1,22.2,9795.4,20395.7,-8.0,12023.0
823,LGI Homes,3050.1,28.8,429.6,32.6,2351.9,2322.4,50.0,952.0
824,Hyatt Hotels,3028.0,46.6,222.0,,12603.0,10498.3,122.0,44000.0
825,Comerica,3024.0,-2.3,1168.0,146.4,94616.0,11854.4,-96.0,7442.0
826,Energizer Holdings,3021.5,5.6,160.9,,5007.5,2191.7,-51.0,6000.0
827,Hill-Rom Holdings,3018.7,4.8,248.5,11.4,4999.1,,-54.0,10000.0
828,Rackspace Technology,3009.5,11.2,218.3,,6328.7,2365.6,-29.0,6600.0
829,Verisk Analytics,2998.6,7.7,666.2,-6.5,7808.1,34616.2,-41.0,9367.0
830,Spectrum Brands Holdings,2998.1,-24.4,189.6,93.9,5340.4,3617.6,-209.0,12100.0
831,Euronet Worldwide,2995.4,20.7,70.7,,4744.3,6658.2,16.0,8800.0
832,TEGNA,2991.1,1.8,477.0,-1.2,6917.6,4962.6,-76.0,6200.0
833,Vontier,2990.7,10.6,413.0,20.8,4349.8,4087.8,-32.0,8500.0
834,Cadence Design Systems,2988.2,11.4,696.0,17.8,4386.3,45781.7,-29.0,9298.0
835,Incyte,2986.3,12.0,948.6,,4933.4,17577.6,-28.0,2094.0
836,Match Group,2983.3,24.8,277.7,116.0,5063.3,31007.0,28.0,2520.0
837,Valvoline,2981.0,26.7,420.0,32.5,3191.0,5660.5,43.0,9800.0
838,EnerSys,2977.9,-3.6,143.4,4.6,3462.8,3076.0,-107.0,11400.0
839,Avaya Holdings,2973.0,3.5,13.0,,5985.0,1076.0,-65.0,8063.0
840,UWM Holdings,2970.3,-39.9,98.4,-97.1,22528.4,7223.5,-311.0,8000.0
841,Zions Bancorp.,2970.0,1.0,1129.0,109.5,93200.0,9958.2,-87.0,9685.0
842,Quad/Graphics,2960.4,-1.6,37.8,,1890.0,388.5,-96.0,15100.0
843,MKS Instruments,2949.6,26.6,551.4,57.5,4540.3,8327.6,45.0,6200.0
844,Arista Networks,2948.0,27.2,840.9,32.5,5734.4,42773.4,45.0,2993.0
845,Interactive Brokers Group,2938.0,18.5,308.0,57.9,109113.0,27961.7,3.0,2571.0
846,Range Resources,2930.2,48.8,411.8,,6660.5,7964.0,120.0,527.0
847,Atkore,2928.0,65.9,587.9,286.0,2210.1,4415.6,0.0,3700.0
848,Cheesecake Factory,2927.5,47.6,72.4,,2798.1,2098.6,111.0,45800.0
849,First Solar,2923.4,7.8,468.7,17.7,7413.7,8904.4,-51.0,4800.0
850,Bio-Rad Laboratories,2922.5,14.8,4245.9,11.6,17775.8,16982.2,-21.0,7900.0
851,Cooper Cos.,2922.5,20.2,2944.7,1135.2,9606.2,20587.8,2.0,12000.0
852,Envista Holdings,2922.4,28.1,340.5,922.5,6574.2,7882.5,48.0,11200.0
853,Alight,2915.0,6.9,60.0,,10988.0,5542.2,0.0,16000.0
854,Newmark Group,2906.4,52.6,750.7,837.7,5216.2,3009.9,129.0,6169.0
855,PC Connection,2892.6,11.7,69.9,25.4,1083.4,1375.8,-38.0,2542.0
856,Host Hotels & Resorts,2890.0,78.4,11.0,,12352.0,13875.9,0.0,160.0
857,Boston Properties,2888.6,4.4,505.2,-42.1,22365.3,20179.9,-67.0,743.0
858,Western Midstream Partners,2877.2,3.8,916.3,73.9,11273.1,10177.4,-69.0,1127.0
859,Magellan Midstream Partners,2870.1,18.2,982.0,20.2,8030.0,10422.1,-4.0,1715.0
860,Hillenbrand,2864.8,13.8,249.9,,4014.9,3216.2,-24.0,10500.0
861,Donaldson,2853.9,10.5,286.9,11.6,2400.2,6416.4,-40.0,13100.0
862,Moog,2852.0,-1.1,157.2,1608.0,3433.2,2814.6,-91.0,14000.0
863,Hawaiian Electric Industries,2850.4,10.5,246.2,24.4,15822.6,4630.0,-41.0,3623.0
864,Five Below,2848.4,45.2,278.8,126.0,2880.5,8825.0,105.0,13150.0
865,Twilio,2841.8,61.3,949.9,,12998.6,29916.9,0.0,7867.0
866,Univision Communciations,2841.0,11.8,133.7,,14055.4,,-36.0,
867,Annaly Capital Management,2836.2,1188.5,2389.9,,76764.1,10281.0,0.0,171.0
868,Fleetcor Technologies,2833.7,18.6,839.5,19.2,13404.7,19398.4,-3.0,9700.0
869,West Pharmaceutical Services,2831.6,31.9,661.8,91.2,3313.8,30508.2,56.0,10065.0
870,Green Plains,2827.2,47.0,66.0,,2159.8,1662.5,107.0,859.0
871,Cracker Barrel Old Country Store,2821.4,11.8,254.5,,2391.7,2757.6,-38.0,70000.0
872,Virtu Financial,2811.5,-13.2,476.9,-26.5,10320.0,6622.1,-168.0,973.0
873,Teleflex,2809.6,10.7,485.4,44.7,6871.7,16642.1,-41.0,14000.0
874,Zynga,2800.5,41.8,104.2,,6358.9,10463.5,89.0,2952.0
875,ATI,2799.8,-6.1,38.2,,4285.2,3350.8,-126.0,6300.0
876,AppLovin,2793.1,92.5,35.4,,6163.6,20696.8,0.0,1594.0
877,Waters,2785.9,17.8,692.8,32.8,3094.9,18783.4,-3.0,7800.0
878,Mutual of America Life Insurance,2784.8,83.6,50.7,,28325.2,,0.0,1146.0
879,Hovnanian Enterprises,2782.9,18.7,607.8,1093.5,2320.5,371.9,6.0,1784.0
880,Amica Mutual Insurance,2777.9,1.8,117.1,-36.3,6937.3,,-87.0,3510.0
881,Caleres,2777.6,31.2,137.0,,1843.9,727.5,54.0,7200.0
882,FTI Consulting,2776.2,12.8,235.0,11.5,3100.9,5400.1,-30.0,6780.0
883,Overstock.com,2773.8,8.8,389.4,595.3,1066.0,1897.8,-56.0,1350.0
884,Visteon,2773.0,8.8,41.0,,2234.0,3056.1,-56.0,10000.0
885,G-III Apparel Group,2766.5,34.6,200.6,752.0,2742.5,1296.1,64.0,3250.0
886,ITT,2765.0,11.6,316.3,336.3,3565.4,6415.4,-37.0,9900.0
887,IDEX,2764.8,17.6,449.4,19.0,4917.2,14591.6,-6.0,7536.0
888,Popular,2764.8,6.2,934.9,84.5,75097.9,6252.3,-73.0,8351.0
889,Roku,2764.6,55.5,242.4,,4082.1,16949.3,0.0,3000.0
890,Schnitzer Steel Industries,2758.6,61.1,165.1,,1494.4,1445.2,0.0,3167.0
891,Brookdale Senior Living,2758.3,-22.1,99.3,-221.1,6410.5,1308.3,-226.0,28545.0
892,Werner Enterprises,2734.4,15.3,259.1,53.2,2603.7,2697.9,-21.0,13525.0
893,Americold Realty Trust,2714.8,36.6,30.5,-224.1,8216.2,7489.8,64.0,16275.0
894,SkyWest,2713.5,27.6,111.9,,7125.9,1457.6,36.0,15205.0
895,Primerica,2709.7,22.2,373.4,-3.3,16123.2,5326.8,14.0,3170.0
896,McAfee,2701.0,-7.1,849.0,,3422.0,,-132.0,2262.0
897,Nu Skin Enterprises,2695.7,4.4,147.3,-23.0,1906.5,2385.6,-77.0,19600.0
898,Copart,2692.5,22.1,936.5,33.8,4562.1,29798.8,12.0,8600.0
899,PROG Holdings,2677.9,7.8,243.6,,1621.8,1586.9,-53.0,2023.0
900,Splunk,2673.7,19.9,1339.1,,5790.9,23881.6,8.0,7000.0
901,MRC Global,2666.0,4.1,14.0,,1671.0,995.2,-75.0,2600.0
902,Stericycle,2646.9,-1.1,27.8,,5473.1,5415.5,-96.0,15465.0
903,Maxim Integrated Products,2632.5,20.1,827.3,26.4,4523.1,,9.0,7100.0
904,Ensign Group,2627.5,9.4,194.7,14.2,2850.6,4958.3,-45.0,25900.0
905,SM Energy,2622.9,132.8,36.2,,5234.0,4746.5,0.0,506.0
906,Kaiser Aluminum,2622.0,123.6,18.5,-164.2,2422.4,1493.9,0.0,3957.0
907,Federated Mutual Insurance,2612.2,14.1,320.1,61.5,10537.4,,-10.0,2702.0
908,F5,2603.4,10.7,331.2,7.7,4997.3,12691.2,-26.0,6429.0
909,Steelcase,2596.2,-30.3,26.1,-86.9,2354.0,1339.5,-264.0,11400.0
910,Encore Wire,2592.7,103.0,541.4,611.8,1530.5,2250.3,0.0,1440.0
911,Guess,2591.6,38.1,171.4,,2555.6,1305.5,79.0,12500.0
912,Playtika Holding,2583.0,8.9,308.5,235.0,2803.3,7965.8,-40.0,4000.0
913,Pinterest,2578.0,52.3,316.4,,3537.2,16196.9,0.0,3225.0
914,WeWork,2570.1,-24.8,4439.0,,21756.2,4937.4,0.0,4400.0
915,ManTech International,2554.0,1.4,137.0,13.7,2639.6,3517.6,-80.0,9800.0
916,BrightView Holdings,2553.6,8.8,46.3,,3237.6,1351.5,-32.0,20150.0
917,NortonLifeLock,2552.0,-33.9,554.0,-85.7,6361.0,15441.9,-286.0,2800.0
918,Deckers Outdoor,2545.6,19.4,382.6,38.5,2167.7,7457.8,11.0,3400.0
919,Griffon,2541.7,5.6,79.2,48.3,2604.7,1127.8,-61.0,6700.0
920,AMC Entertainment Holdings,2527.9,103.5,1269.1,,10821.5,12733.4,0.0,17122.0
921,Curtiss-Wright,2505.9,4.8,267.2,32.7,4103.5,5771.0,-58.0,7800.0
922,MYR Group,2498.3,11.2,85.0,44.7,1121.1,1594.5,-16.0,7600.0
923,Kontoor Brands,2475.9,,195.4,,1533.0,2325.3,0.0,14000.0
924,Liberty Energy,2470.8,155.8,179.2,,2040.7,2757.9,0.0,3601.0
925,Knights of Columbus,2467.5,4.9,130.3,37.2,28838.4,,-47.0,749.0
926,AdaptHealth,2465.1,133.4,156.2,,5250.5,2146.6,0.0,10700.0
927,MillerKnoll,2465.1,-0.9,173.1,,2061.9,2617.7,-84.0,7600.0
928,Equity Residential,2464.0,-4.2,1332.9,45.9,21169.2,33802.5,-104.0,2400.0
929,DexCom,2448.5,27.1,154.7,-68.7,4863.6,49824.5,47.0,6650.0
930,Rollins,2424.3,12.2,350.7,34.5,1980.9,17260.7,-9.0,16482.0
931,Genesco,2422.1,35.6,114.9,,1562.1,868.7,0.0,11700.0
932,Bruker,2417.9,21.7,277.1,75.6,3650.0,9694.7,26.0,7765.0
933,Joann,2417.6,-12.5,56.7,-73.3,2362.2,463.2,-142.0,13530.0
934,Wolverine World Wide,2414.9,34.8,68.6,,2586.4,1836.1,0.0,4400.0
935,Gray Television,2413.0,1.3,90.0,-78.0,11108.0,2093.2,-68.0,8801.0
936,Affiliated Managers Group,2412.4,19.0,565.7,179.8,8876.4,5606.8,15.0,4050.0
937,Summit Materials,2409.7,3.3,152.2,10.3,4239.1,3687.8,-50.0,5500.0
938,SLM,2409.3,2.4,1160.5,31.8,29221.9,5129.7,-59.0,1450.0
939,Belden,2408.1,22.1,63.9,,3417.7,2492.5,25.0,7400.0
940,Allison Transmission Holdings,2402.0,15.4,442.0,47.8,4457.0,3810.6,3.0,3400.0
941,Element Solutions,2399.8,29.5,203.3,168.6,5138.4,5434.8,0.0,5300.0
942,Portland General Electric,2396.0,11.7,244.0,57.4,9494.0,4940.0,-16.0,2839.0
943,REV Group,2380.8,4.5,44.4,,1238.3,843.4,-41.0,6800.0
944,Acadia Healthcare,2376.9,-25.9,190.6,,4768.1,5891.3,-235.0,19200.0
945,Alexandria Real Estate Equities,2373.6,2.9,571.2,-25.9,30219.4,32188.6,-55.0,559.0
946,Nordson,2362.2,11.4,454.4,82.1,3791.0,13157.1,-12.0,6813.0
947,NewMarket,2356.1,17.2,190.9,-29.4,2558.4,3346.7,7.0,2104.0
948,Ohio National Mutual,2346.5,7.5,85.2,-177495.8,40795.0,,-34.0,1082.0
949,Stepan,2346.0,25.5,137.8,8.7,2065.6,2215.6,43.0,2439.0
950,Valhi,2335.4,24.3,127.2,130.4,3005.2,828.8,39.0,2847.0
951,Hilton Grand Vacations,2335.0,161.2,176.0,,8008.0,6247.9,0.0,13000.0
952,Cooper-Standard Holdings,2330.2,-1.9,322.8,,2226.5,149.0,-82.0,21300.0
953,Etsy,2329.1,35.0,493.5,41.3,3831.8,15787.7,0.0,2402.0
954,Crocs,2313.4,66.9,725.7,132.0,1545.1,4676.2,0.0,5770.0
955,Olympic Steel,2312.3,87.4,121.1,,1023.6,427.8,0.0,1642.0
956,Signature Bank,2311.3,15.2,918.4,73.8,118445.4,18416.9,0.0,1854.0
957,SBA Communications,2308.8,10.8,237.6,885.8,9801.7,37168.7,-15.0,1596.0
958,Murphy Oil,2300.1,16.7,73.7,,10304.9,6275.3,7.0,696.0
959,Entegris,2298.9,23.6,409.1,38.7,3191.9,17830.9,38.0,6850.0
960,AvalonBay Communities,2294.9,-0.3,1004.3,21.3,19902.0,34710.3,-64.0,2883.0
961,Saia,2288.7,25.6,253.2,83.1,1845.3,6438.4,0.0,11600.0
962,E.W. Scripps,2283.5,19.2,122.7,-54.4,6658.3,1718.3,17.0,5600.0
963,TTEC Holdings,2273.1,16.6,141.0,18.8,1996.8,3878.0,11.0,65000.0
964,Sun Communities,2272.6,62.5,380.2,188.8,13494.1,20372.8,0.0,5455.0
965,Alpha Metallurgical Resources,2258.6,36.7,288.8,,1857.7,2447.5,0.0,3500.0
966,GEO Group,2256.6,-4.0,77.4,-31.5,4537.4,809.8,-83.0,15800.0
967,Viasat,2256.1,-2.3,3.7,,5349.5,3630.4,-75.0,5800.0
968,Benchmark Electronics,2255.3,9.8,35.8,154.5,1903.9,881.4,-18.0,10900.0
969,Kar Auction Services,2251.6,2.9,66.5,13200.0,7417.2,2187.3,-56.0,8928.0
970,TTM Technologies,2248.7,,54.4,-69.4,3025.5,1506.2,-65.0,16100.0
971,Kirby,2246.7,3.5,247.0,,5399.1,4345.9,-51.0,5125.0
972,Woodward,2245.8,-10.0,208.6,-13.2,4091.0,7882.4,-130.0,7200.0
973,Clear Channel Outdoor Holdings,2241.1,20.8,433.8,,5299.4,1630.9,27.0,4600.0
974,Spire,2235.5,20.5,271.7,206.7,9356.4,3713.6,25.0,3710.0
975,Vista Outdoor,2225.5,26.7,266.0,,1764.9,2007.9,0.0,5900.0
976,Surgery Partners,2225.1,19.6,70.9,,6117.6,4919.1,20.0,9600.0
977,LHC Group,2219.6,7.6,115.7,3.7,2895.6,5229.6,-30.0,23000.0
978,Amedisys,2214.1,6.9,209.1,13.9,1857.0,5603.9,-39.0,21000.0
979,Century Aluminum,2212.5,37.8,167.1,,1569.9,2400.3,0.0,2512.0
980,Arch Resources,2208.0,50.5,337.6,,2117.2,2126.2,0.0,3303.0
981,Aerojet Rocketdyne Holdings,2188.0,5.6,143.7,4.4,2433.6,3169.4,-36.0,5000.0
982,Sleep Number,2184.9,17.7,153.7,10.5,919.5,1123.7,16.0,5388.0
983,HNI,2184.4,11.7,59.8,42.7,1497.9,1568.7,-12.0,8000.0
984,Pure Storage,2180.8,29.5,143.3,,3135.3,10238.0,0.0,4200.0
985,TrueBlue,2173.6,17.7,61.6,,1033.2,995.6,0.0,6400.0
986,Party City Holdco,2171.1,17.3,6.5,,2711.9,402.6,0.0,11450.0
987,Dun & Bradstreet Holdings,2165.6,24.6,71.7,,9997.2,7554.0,0.0,6296.0
988,Dropbox,2157.9,12.7,335.8,,3091.3,8873.5,-8.0,2667.0
989,New Jersey Resources,2156.6,10.4,117.9,-39.2,5722.3,4405.4,-17.0,1251.0
990,Acushnet Holdings,2147.9,33.2,178.9,86.3,2005.8,2914.0,0.0,6500.0
991,Harsco,2147.0,14.6,3.2,,3053.9,969.7,0.0,12000.0
992,Beazer Homes USA,2140.3,0.6,122.0,133.6,2078.8,478.8,-61.0,1052.0
993,Chemed,2139.3,2.9,268.6,-15.9,1342.7,7592.5,-49.0,14137.0
994,Genesis Energy,2125.5,16.5,165.1,,5905.8,1435.4,0.0,1898.0
995,BWX Technologies,2124.1,,305.9,9.8,2501.4,4925.6,-63.0,6600.0
996,Vizio Holding,2124.0,4.0,39.4,-138.4,935.8,1705.1,0.0,800.0
997,1-800-Flowers.com,2122.2,42.5,118.7,101.1,1076.7,830.0,0.0,4800.0
998,Cowen,2112.8,30.2,295.6,36.6,8748.8,744.1,0.0,1534.0
999,Ashland Global Holdings,2111.0,-11.2,220.0,,6612.0,5601.9,-130.0,4100.0
1000,DocuSign,2107.2,45.0,70.0,,2541.3,21302.8,0.0,7461.0
